Trascrizione,Standard,Gruppo 0,Gruppo 1,Gruppo 2,Gruppo 3,Gruppo 4,Corporazione
al negotio del libraro,librer,libraio,librai - diverse specializzazioni,stampa,altre lavorazioni manifatturiere,beni,"libreri, stampatori e ligadori"
arte de far arpicordi,arte de far arpicordi,fabbricatore di arpicordi,fabbricatore di strumenti musicali,musica,altri servizi,servizi,
arte de' colori,arte dei colori,fabbricazione/vendita di colori,colori,colori,decorazioni e mestieri dell'arte,beni,spezieri
arte dei colori,arte dei colori,fabbricazione/vendita di colori,colori,colori,decorazioni e mestieri dell'arte,beni,spezieri
arte dei smalti,arte delli smalti,smalti,smalti,smalti,altre lavorazioni manifatturiere,beni,paternosteri e cristalleri
arte del vero da lume,perler,perlaio,perlaio,vetro,oggettistica,beni,paternosteri e cristalleri
arte deli smalti,arte delli smalti,smalti,smalti,smalti,altre lavorazioni manifatturiere,beni,paternosteri e cristalleri
arte della lume,supialume,perlaio,perlaio,vetro,oggettistica,beni,paternosteri e cristalleri
arte delle cere,arte delle cere,ceraio,cera,cera,altre lavorazioni manifatturiere,beni,marzeri
arte delli smalti,arte delli smalti,smalti,smalti,smalti,altre lavorazioni manifatturiere,beni,paternosteri e cristalleri
arte di colori,arte dei colori,fabbricazione/vendita di colori,colori,colori,decorazioni e mestieri dell'arte,beni,spezieri
balarin,balarin,ballerino,ballerino,musica,altri servizi,servizi,
balerin,balarin,ballerino,ballerino,musica,altri servizi,servizi,
batador di argento,batiarzento,battiargento,fabbricatore di foglie/fili/cordelle d'oro o argento,oro e preziosi,oggettistica,beni,"battioro, stagnoli e colori"
batiargento,batiarzento,battiargento,fabbricatore di foglie/fili/cordelle d'oro o argento,oro e preziosi,oggettistica,beni,"battioro, stagnoli e colori"
batioro,batioro,battioro,fabbricatore di foglie/fili/cordelle d'oro o argento,oro e preziosi,oggettistica,beni,"battioro, stagnoli e colori"
batti foggia e stagnoli,batifogia e stagnolo,battistagno,fabbricatore di foglie/fili/cordelle d'oro o argento,oro e preziosi,oggettistica,beni,"battioro, stagnoli e colori"
battiargento,batiarzento,battiargento,fabbricatore di foglie/fili/cordelle d'oro o argento,oro e preziosi,oggettistica,beni,"battioro, stagnoli e colori"
battifoglio al bagno di colori,battifoglio al bagno di colori,battifoglio al bagno di colori,fabbricatore di foglie/fili/cordelle d'oro o argento,oro e preziosi,oggettistica,beni,"battioro, stagnoli e colori"
battioro,batioro,battioro,fabbricatore di foglie/fili/cordelle d'oro o argento,oro e preziosi,oggettistica,beni,"battioro, stagnoli e colori"
battioro et arzento,batioro e batiarzento,battioro e battiargento,fabbricatore di foglie/fili/cordelle d'oro o argento,oro e preziosi,oggettistica,beni,"battioro, stagnoli e colori"
bianchizador da cere,bianchizador da cere,biancheggiatore di cera,cera,cera,altre lavorazioni manifatturiere,beni,marzeri
bianchizar cere,bianchizador da cere,biancheggiatore di cera,cera,cera,altre lavorazioni manifatturiere,beni,marzeri
bottoner,bottoner,bottonaio,bottonaio,altro,abbigliamento,beni,marzeri
butador d'argento,butador d'argento,fonditore di argento,zecca,stampa,altre lavorazioni manifatturiere,beni,zecca
butar e tornir latoni,butar e tornir latoni,lavorazione dell'ottone,fonditori - diverse specializzazioni,metalli,altre lavorazioni manifatturiere,beni,orefici e gioiellieri
calciner,calciner,trasportatore di calce,trasportatore di calce,trasporto e imballaggio,commercio,servizi,calcineri
cartariol,carter,cartaio,fabbricazione carte,carta,altre lavorazioni manifatturiere,beni,carteri
carter,carter,cartaio,fabbricazione carte,carta,altre lavorazioni manifatturiere,beni,carteri
carter,carter,cartaio,fabbricazione carte,carta,altre lavorazioni manifatturiere,beni,carteri
carter da carta bianca,carter da carta bianca,cartaio - diverse specializzazioni,fabbricazione carte,carta,altre lavorazioni manifatturiere,beni,carteri
carter da libri,carter da libri,cartaio,fabbricazione carte,carta,altre lavorazioni manifatturiere,beni,carteri
cartoler,cartoler,cartaio,fabbricazione carte,carta,altre lavorazioni manifatturiere,beni,carteri
cartoler,cartoler,cartaio,fabbricazione carte,carta,altre lavorazioni manifatturiere,beni,carteri
case de ancipresso?,far casse da ancipresso,mobiliere - diverse specializzazioni,falegname ,legno,altre lavorazioni manifatturiere,beni,marangoni
casse da specchi,far casse da specchi,mobiliere - diverse specializzazioni,falegname ,legno,altre lavorazioni manifatturiere,beni,marangoni
casseler da specchi di ebano,casseler da specchi di ebano,fabbricatore di casse - diverse specializzazioni,fabbricatore di casse e simili,contenitori,oggettistica,beni,casselleri
cerer,cerer,ceraio,cere,cera,altre lavorazioni manifatturiere,beni,marzeri
cimbaner,cimbaner,cimbalaio,fabbricatore di strumenti musicali,musica,altri servizi,servizi,
citador da caratteri da stampa,getador da caratteri da stampa,fonditore di caratteri da stampa,fonditori - stampa,stampa,altre lavorazioni manifatturiere,beni,"libreri, stampatori e ligadori"
compositor,compositor,compositore,stampatori - diverse specializzazioni,stampa,altre lavorazioni manifatturiere,beni,"libreri, stampatori e ligadori"
compositor alla stampa,compositor alla stampa,compositore,stampatori - diverse specializzazioni,stampa,altre lavorazioni manifatturiere,beni,"libreri, stampatori e ligadori"
comprar et vender smaltini et paternostri di vetro,comprar et vender smaltini et paternostri di vetro,venditori di oggetti in vetro,venditori di oggetti in vetro,vetro,oggettistica,beni,
conza rubini et altre pietre simile,conzarubini et altre pietre simile,intagliatore di rubini e pietre dure,gioielliere,oro e preziosi,oggettistica,beni,orefici e gioiellieri
conzar rubini,conzarubini,intagliatore di rubini e pietre dure,gioielliere,oro e preziosi,oggettistica,beni,orefici e gioiellieri
conzarubini,conzarubini,intagliatore di rubini e pietre dure,gioielliere,oro e preziosi,oggettistica,beni,orefici e gioiellieri
cuori d'oro,cuori d'oro,cuoridoro,orpellaio,decorazioni e mestieri dell'arte,decorazioni e mestieri dell'arte,beni,dipintori
cuoridoro,cuori d'oro,cuoridoro,orpellaio,decorazioni e mestieri dell'arte,decorazioni e mestieri dell'arte,beni,dipintori
cuoridoro,cuori d'oro,cuoridoro,orpellaio,decorazioni e mestieri dell'arte,decorazioni e mestieri dell'arte,beni,dipintori
dai colari,arte dei colori,fabbricazione/vendita di colori,colori,colori,decorazioni e mestieri dell'arte,beni,spezieri
dai colori,arte dei colori,fabbricazione/vendita di colori,colori,colori,decorazioni e mestieri dell'arte,beni,spezieri
dai cori d'oro,cuori d'oro,cuoridoro,orpellaio,decorazioni e mestieri dell'arte,decorazioni e mestieri dell'arte,beni,dipintori
dai dai colori,arte dei colori,fabbricazione/vendita di colori,colori,colori,decorazioni e mestieri dell'arte,beni,spezieri
dai violini,dai violini,liutaio,liutaio,musica,altri servizi,servizi,
dalle casse da specchi di carton,dalle casse da specchi di carton,decoratore,decoratore,decorazioni e mestieri dell'arte,decorazioni e mestieri dell'arte,beni,dipintori
dalle dalle perle false,dalle perle false,perlaio,perlaio,vetro,oggettistica,beni,paternosteri e cristalleri
dalle perle false,dalle perle false,perlaio,perlaio,vetro,oggettistica,beni,paternosteri e cristalleri
dalle perle false,dalle perle false,perlaio,perlaio,vetro,oggettistica,beni,paternosteri e cristalleri
dalli anelli falsi,dalli anelli falsi,produttore di anelli falsi,produttore di anelli falsi,altro,oggettistica,beni,
dalli colori,arte dei colori,fabbricazione/vendita di colori,colori,colori,decorazioni e mestieri dell'arte,beni,spezieri
dalli rimessi,marangon da remessi,impiallacciatore,falegname,legno,altre lavorazioni manifatturiere,beni,marangoni
dalli tavollini di rimesso,dalli tavollini di rimesso,impiallacciatore,falegname,legno,altre lavorazioni manifatturiere,beni,marangoni
delle perle false,delle perle false,perlaio,perlaio,vetro,oggettistica,beni,paternosteri e cristalleri
depentor,depentor,decoratore,decoratore,decorazioni e mestieri dell'arte,decorazioni e mestieri dell'arte,beni,dipintori
depentor da casse,depentor da casse,decoratore,decoratore,decorazioni e mestieri dell'arte,decorazioni e mestieri dell'arte,beni,dipintori
depentor de casse,depentor da casse,decoratore,decoratore,decorazioni e mestieri dell'arte,decorazioni e mestieri dell'arte,beni,dipintori
desegnador,desegnador,disegnatore,disegnatore,disegnatore,decorazioni e mestieri dell'arte,beni,dipintori
dessegnador,desegnador,disegnatore,disegnatore,disegnatore,decorazioni e mestieri dell'arte,beni,dipintori
diamanter,diamanter,diamantaio ,diamantaio ,oro e preziosi,alimenti,beni,orefici e gioiellieri
diamanter,diamanter,diamantaio ,diamantaio ,oro e preziosi,alimenti,beni,orefici e gioiellieri
esercitio di colori,arte dei colori,fabbricazione/vendita di colori,colori,colori,decorazioni e mestieri dell'arte,beni,spezieri
esercizio delle merze,merzer,merzer,merciaio,merciai,commercio,servizi,marzeri
esercizio delle merze de piï¿½? sorte,merzer,merzer,merciaio,merciai,commercio,servizi,marzeri
fa case da spechi,far casse da specchi,mobiliere - diverse specializzazioni,falegname ,legno,altre lavorazioni manifatturiere,beni,marangoni
fabricar manacordi,fabricar manacordi,fabbricatore di manacordi,fabbricatore di strumenti musicali,musica,altri servizi,servizi,
far anelli falsi,far anelli falsi,produttore di anelli falsi,produttore di anelli falsi,altro,oggettistica,beni,
far balle e pomoli da spechi,far balle e pomoli da spechi,fabbricatore di impugnature per specchi,fabbricatore di impugnature per specchi,altro,oggettistica,beni,specchieri
far bottoni,bottoner,bottonaio,bottonaio,altro,abbigliamento,beni,marzeri
far case da spechi indorade de corami,far case da spechi indorade de corami,mobiliere - diverse specializzazioni,falegname ,legno,altre lavorazioni manifatturiere,beni,marangoni
far case de ancipresso,far casse de ancipresso,mobiliere - diverse specializzazioni,falegname ,legno,altre lavorazioni manifatturiere,beni,marangoni
far di stuchi,stucador,stuccatore,stuccatore,edilizia,costruzioni,beni,taiapiera
far libreti de spechi de miniar,far libreti de spechi de miniar,decoratore,decoratore,decorazioni e mestieri dell'arte,decorazioni e mestieri dell'arte,beni,dipintori
far libreti e case da spechi stampadi,far libreti e case da spechi stampadi,decoratore,decoratore,decorazioni e mestieri dell'arte,decorazioni e mestieri dell'arte,beni,dipintori
far oro,far oro,orefice,orefice,oro e preziosi,oggettistica,beni,orefici e gioiellieri
far smalti al lume,arte delli smalti al lume,smalti,smalti,smalti,altre lavorazioni manifatturiere,beni,paternosteri e cristalleri
filaoro,filaoro,filaoro,fabbricatore di foglie/fili/cordelle d'oro o argento,oro e preziosi,oggettistica,beni,"battioro, stagnoli e colori"
franzer,marzer,marzer,merciaio,merciai,commercio,servizi,marzeri
franzer fava,marzer,marzer,merciaio,merciai,commercio,servizi,marzeri
getador da caratteri da stampa,getador da caratteri da stampa,fonditore di caratteri da stampa,fonditori - stampa,stampa,altre lavorazioni manifatturiere,beni,"libreri, stampatori e ligadori"
gittador da argenti,gettador da argenti,fonditore di argento,zecca,stampa,altre lavorazioni manifatturiere,beni,zecca
gittador da lettere da stampa,getador da caratteri da stampa,fonditore di caratteri da stampa,fonditori - stampa,stampa,altre lavorazioni manifatturiere,beni,"libreri, stampatori e ligadori"
gittador da ori,gettador da ori,fonditore di oro,zecca,stampa,altre lavorazioni manifatturiere,beni,zecca
gittador de lettere da stampa,getador da caratteri da stampa,fonditore di caratteri da stampa,fonditori - stampa,stampa,altre lavorazioni manifatturiere,beni,"libreri, stampatori e ligadori"
in tenir libri,librer,libraio,librai - diverse specializzazioni,stampa,altre lavorazioni manifatturiere,beni,"libreri, stampatori e ligadori"
indorador,indorador,indoratore,indoratore,indoradore,decorazioni e mestieri dell'arte,beni,dipintori
indorador,indorador,indoratore,indoratore,indoradore,decorazioni e mestieri dell'arte,beni,dipintori
indorar libri,indorar libri,decoratore,decoratore,decorazioni e mestieri dell'arte,decorazioni e mestieri dell'arte,beni,dipintori
indorator,indorador,indoratore,indoratore,indoradore,decorazioni e mestieri dell'arte,beni,dipintori
intagiador,intagiador,intagliatore,intagliatore - diverse specializzazioni,legno,altre lavorazioni manifatturiere,beni,intagliatori
intagiador,intagiador,intagliatore,intagliatore - diverse specializzazioni,legno,altre lavorazioni manifatturiere,beni,intagliatori
intagiador da legname,intagiador da legname,intagliatore di legno,intagliatore - diverse specializzazioni,legno,altre lavorazioni manifatturiere,beni,intagliatori
intagiador da piere,intagiador da piera,intagliatore di pietra,intagliatore - diverse specializzazioni,legno,altre lavorazioni manifatturiere,beni,intagliatori
intagiador de legname,intagiador da legname,intagliatore di legno,intagliatore - diverse specializzazioni,legno,altre lavorazioni manifatturiere,beni,intagliatori
intagiador de legnami,intagiador da legname,intagliatore di legno,intagliatore - diverse specializzazioni,legno,altre lavorazioni manifatturiere,beni,intagliatori
intagiador di rame,intagiador da rame,intagliatore di rame,intagliatore - diverse specializzazioni,legno,altre lavorazioni manifatturiere,beni,intagliatori
intagliador,intagiador,intagliatore,intagliatore - diverse specializzazioni,legno,altre lavorazioni manifatturiere,beni,intagliatori
intagliator,intagiador,intagliatore,intagliatore - diverse specializzazioni,legno,altre lavorazioni manifatturiere,beni,intagliatori
latonaro,latoner,lavorazione dell'ottone,ottonaio,ottone,oggettistica,beni,orefici e gioiellieri
latoner,latoner,lavorazione dell'ottone,ottonaio,ottone,oggettistica,beni,orefici e gioiellieri
lauter,liuter,liutaio,liutaio,musica,altri servizi,servizi,
lavorar da rimessi,marangon da remessi,impiallacciatore,falegname,legno,altre lavorazioni manifatturiere,beni,marangoni
lavorar de remessi,marangon da remessi,impiallacciatore,falegname,legno,altre lavorazioni manifatturiere,beni,marangoni
lavorar de rimessi,marangon da remessi,impiallacciatore,falegname,legno,altre lavorazioni manifatturiere,beni,marangoni
liberer di libri a stampa,librer da libri a stampa,libraio,librai - diverse specializzazioni,stampa,altre lavorazioni manifatturiere,beni,"libreri, stampatori e ligadori"
liberero,librer,libraio,librai - diverse specializzazioni,stampa,altre lavorazioni manifatturiere,beni,"libreri, stampatori e ligadori"
libraro,librer,libraio,librai - diverse specializzazioni,stampa,altre lavorazioni manifatturiere,beni,"libreri, stampatori e ligadori"
libraro da libri e carta bianca,librer da libri e da carta bianca,libraio da libri e carta bianca,librai - diverse specializzazioni,stampa,altre lavorazioni manifatturiere,beni,"libreri, stampatori e ligadori"
libraro e stampador,librer e stampador,libraio e stampatore,libraio e stampatore,stampa,altre lavorazioni manifatturiere,beni,"libreri, stampatori e ligadori"
libraro in greco,librer da libri in greco,libraio,librai - diverse specializzazioni,stampa,altre lavorazioni manifatturiere,beni,"libreri, stampatori e ligadori"
librer,librer,libraio,librai - diverse specializzazioni,stampa,altre lavorazioni manifatturiere,beni,"libreri, stampatori e ligadori"
librer,librer,libraio,librai - diverse specializzazioni,stampa,altre lavorazioni manifatturiere,beni,"libreri, stampatori e ligadori"
librer da carta bianca,librer da carta bianca,libraio da carta bianca e simili,librai - diverse specializzazioni,stampa,altre lavorazioni manifatturiere,beni,"libreri, stampatori e ligadori"
librer da conti e da carta bianca,librer da conti e da carta bianca,libraio da carta bianca e simili,librai - diverse specializzazioni,stampa,altre lavorazioni manifatturiere,beni,"libreri, stampatori e ligadori"
librer da conti e da carta bianca,librer da conti e da carta bianca,libraio da carta bianca e simili,librai - diverse specializzazioni,stampa,altre lavorazioni manifatturiere,beni,"libreri, stampatori e ligadori"
librer de carta bianca,librer da carta bianca,libraio da carta bianca e simili,librai - diverse specializzazioni,stampa,altre lavorazioni manifatturiere,beni,"libreri, stampatori e ligadori"
librer di libri stampati,librer da libri a stampa,libraio,librai - diverse specializzazioni,stampa,altre lavorazioni manifatturiere,beni,"libreri, stampatori e ligadori"
librer e miniador,librer e miniador,libraio e miniatore,libraio e miniatore,stampa,altre lavorazioni manifatturiere,beni,"libreri, stampatori e ligadori"
librer e stampador,librer e stampador,libraio e stampatore,libraio e stampatore,stampa,altre lavorazioni manifatturiere,beni,"libreri, stampatori e ligadori"
librer et stampador,librer e stampador,libraio e stampatore,libraio e stampatore,stampa,altre lavorazioni manifatturiere,beni,"libreri, stampatori e ligadori"
ligador de libri,ligador da libri,rilegatore di libri,rilegatore di libri,stampa,altre lavorazioni manifatturiere,beni,"libreri, stampatori e ligadori"
ligar libri,ligador da libri,rilegatore di libri,rilegatore di libri,stampa,altre lavorazioni manifatturiere,beni,"libreri, stampatori e ligadori"
liuter,liuter,liutaio,liutaio,musica,altri servizi,servizi,
liutier,liuter,liutaio,liutaio,musica,altri servizi,servizi,
macinator de colori,arte dei colori,macinatore di colori,colori,colori,decorazioni e mestieri dell'arte,beni,spezieri
madoner,madoner,madonnaio,madonnaio,decorazioni e mestieri dell'arte,decorazioni e mestieri dell'arte,beni,dipintori
madonner,madoner,madonnaio,madonnaio,decorazioni e mestieri dell'arte,decorazioni e mestieri dell'arte,beni,dipintori
manganer,manganer,lustratore di seta e lana,lustratore di seta e lana,seta,abbigliamento,beni,
marangon,marangon,falegname - generico,falegname,legno,altre lavorazioni manifatturiere,beni,marangoni
marangon,marangon,falegname - generico,falegname,legno,altre lavorazioni manifatturiere,beni,marangoni
marangon all'arsenal,marangon,falegname - generico,falegname,legno,altre lavorazioni manifatturiere,beni,marangoni
marangon caregha,marangon da careghe,falegname - diverse specializzazioni,falegname,legno,altre lavorazioni manifatturiere,beni,marangoni
marangon da cariege,marangon da careghe,falegname - diverse specializzazioni,falegname,legno,altre lavorazioni manifatturiere,beni,marangoni
marangon da carozze,marangon da casse,mobiliere,falegname,legno,altre lavorazioni manifatturiere,beni,marangoni
marangon da case,marangon da casse,mobiliere,falegname,legno,altre lavorazioni manifatturiere,beni,marangoni
marangon da case da spechi d'ebano,marangon da casse da specchi d'ebano,mobiliere - diverse specializzazioni,falegname,legno,altre lavorazioni manifatturiere,beni,marangoni
marangon da casse,marangon da casse,mobiliere,falegname,legno,altre lavorazioni manifatturiere,beni,marangoni
marangon da casse da mogheno,marangon da casse da noghera,mobiliere - diverse specializzazioni,falegname,legno,altre lavorazioni manifatturiere,beni,marangoni
marangon da casse da mogheno,marangon da casse da noghera,mobiliere - diverse specializzazioni,falegname,legno,altre lavorazioni manifatturiere,beni,marangoni
marangon da casse da noghera,marangon da casse da noghera,mobiliere - diverse specializzazioni,falegname,legno,altre lavorazioni manifatturiere,beni,marangoni
marangon da casse da specchi,marangon da casse da specchi,mobiliere - diverse specializzazioni,falegname,legno,altre lavorazioni manifatturiere,beni,marangoni
marangon da casse da specchi,marangon da casse da specchi,mobiliere - diverse specializzazioni,falegname,legno,altre lavorazioni manifatturiere,beni,marangoni
marangon da casse da specchio,marangon da casse da specchi,mobiliere - diverse specializzazioni,falegname,legno,altre lavorazioni manifatturiere,beni,marangoni
marangon da casse da spechi,marangon da casse da specchi,mobiliere - diverse specializzazioni,falegname,legno,altre lavorazioni manifatturiere,beni,marangoni
marangon da casse de mogheno,marangon da casse da noghera,mobiliere - diverse specializzazioni,falegname,legno,altre lavorazioni manifatturiere,beni,marangoni
marangon da casse di ebano,marangon da casse da ebano,mobiliere - diverse specializzazioni,falegname,legno,altre lavorazioni manifatturiere,beni,marangoni
marangon da caxe,marangon da casse,mobiliere,falegname,legno,altre lavorazioni manifatturiere,beni,marangoni
marangon da ebano,marangon da ebano,mobiliere - diverse specializzazioni,falegname,legno,altre lavorazioni manifatturiere,beni,marangoni
marangon da fabbriche,marangon da fabriche,falegname edile,falegname,legno,altre lavorazioni manifatturiere,beni,marangoni
marangon da fabrica,marangon da fabriche,falegname edile,falegname,legno,altre lavorazioni manifatturiere,beni,marangoni
marangon da fabriche,marangon da fabriche,falegname edile,falegname,legno,altre lavorazioni manifatturiere,beni,marangoni
marangon da noghera,marangon da noghera,mobiliere - diverse specializzazioni,falegname,legno,altre lavorazioni manifatturiere,beni,marangoni
marangon da remeri,marangon da remessi,impiallacciatore,falegname,legno,altre lavorazioni manifatturiere,beni,marangoni
marangon da remessi,marangon da remessi,impiallacciatore,falegname,legno,altre lavorazioni manifatturiere,beni,marangoni
marangon da remessi,marangon da remessi,impiallacciatore,falegname,legno,altre lavorazioni manifatturiere,beni,marangoni
marangon da rimessi,marangon da remessi,impiallacciatore,falegname,legno,altre lavorazioni manifatturiere,beni,marangoni
marangon da rimessi,marangon da remessi,impiallacciatore,falegname,legno,altre lavorazioni manifatturiere,beni,marangoni
marangon da soaze,marangon da soaze,corniciaio,falegname,legno,altre lavorazioni manifatturiere,beni,marangoni
marangon da sottile,marangon da sutilo,stipettaio,falegname,legno,altre lavorazioni manifatturiere,beni,marangoni
marangon da sutilo,marangon da sutilo,stipettaio,falegname,legno,altre lavorazioni manifatturiere,beni,marangoni
marangon de case,marangon da casse,mobiliere,falegname,legno,altre lavorazioni manifatturiere,beni,marangoni
marangon de casse da specchi,marangon da casse da specchi,mobiliere - diverse specializzazioni,falegname,legno,altre lavorazioni manifatturiere,beni,marangoni
marangon de casse de spechi,marangon da casse da specchi,mobiliere - diverse specializzazioni,falegname,legno,altre lavorazioni manifatturiere,beni,marangoni
marangon de le chioere,marangon da chioere,falegname - diverse specializzazioni,falegname,legno,altre lavorazioni manifatturiere,beni,marangoni
marangon de legnami,marangon da legnami,falegname - diverse specializzazioni,falegname,legno,altre lavorazioni manifatturiere,beni,marangoni
marangon de soaze,marangon da soaze,corniciaio,falegname,legno,altre lavorazioni manifatturiere,beni,marangoni
marangon marangon da noghera,marangon da noghera,mobiliere - diverse specializzazioni,falegname,legno,altre lavorazioni manifatturiere,beni,marangoni
marcer,marzer,marzer,merciaio,merciai,commercio,servizi,marzeri
marcer,marzer,marzer,merciaio,merciai,commercio,servizi,marzeri
marcier,marzer,marzer,merciaio,merciai,commercio,servizi,marzeri
margariter,margariter,paternoster,paternosteri o margariteri,vetro,oggettistica,beni,paternosteri e cristalleri
marzer,marzer,marzer,merciaio,merciai,commercio,servizi,marzeri
marzer,marzer,marzer,merciaio,merciai,commercio,servizi,marzeri
marzer de fontego,merzer de fontego,merciaio del fontego,merciaio,merciai,commercio,servizi,marzeri
marzer de menudo,marzer da menudo,marzer da menudo,merciaio,merciai,commercio,servizi,marzeri
marzer de menudo,marzer da menudo,marzer da menudo,merciaio,merciai,commercio,servizi,marzeri
marzer de merze milanese,marzer da merze milanese,marzer da merze milanese,merciaio,merciai,commercio,servizi,marzeri
marzer de panni da seda,marzer de panni da seda,marzer de panni da seda,merciaio,merciai,commercio,servizi,marzeri
marzer de sutil,marzer da sutil,marzer da sutil,merciaio,merciai,commercio,servizi,marzeri
marzer di vero,marzer da vero,marzer da vero,merciaio,merciai,commercio,servizi,marzeri
marzer et stringher,marzer e stringher,marzer e stringher,merciaio e stringaio,merciai,commercio,servizi,marzeri
marzer et tellariuol,marzer e telariol,marzer e telariol,merciaio e venditore di tele,merciai,commercio,servizi,marzeri
marzer marzer et tellariuol,marzer e talariol,marzer e talariol,merciaio,merciai,commercio,servizi,marzeri
mascarer,mascarer,mascheraio,mascheraio,mascheraio,decorazioni e mestieri dell'arte,beni,dipintori
mascharer,mascarer,mascheraio,mascheraio,mascheraio,decorazioni e mestieri dell'arte,beni,dipintori
mascherer,mascarer,mascheraio,mascheraio,mascheraio,decorazioni e mestieri dell'arte,beni,dipintori
masena di colori,arte dei colori,macinatore di colori,colori,colori,decorazioni e mestieri dell'arte,beni,spezieri
medaglier,medaglier,medagliere,medagliere,altro,oggettistica,beni,
mercante da colori,mercante da colori,mercante da colori,mercante - diverse specializzazioni,piccolo e medio commercio,commercio,servizi,spezieri
merzari,marzer,marzer,merciaio,merciai,commercio,servizi,marzeri
merzer,marzer,marzer,merciaio,merciai,commercio,servizi,marzeri
miniador,miniador,miniador,miniatori,miniatori,decorazioni e mestieri dell'arte,beni,dipintori
miniador da specchi,miniador da spechi,miniatore da specchi,miniatori,miniatori,decorazioni e mestieri dell'arte,beni,dipintori
miniador da spechi,miniador da spechi,miniatore da specchi,miniatori,miniatori,decorazioni e mestieri dell'arte,beni,dipintori
miniador da veri,miniador da veri,miniatore da vetro,miniatori,miniatori,decorazioni e mestieri dell'arte,beni,dipintori
miniador de santi,miniador da santi,miniatore da santi,miniatori,miniatori,decorazioni e mestieri dell'arte,beni,dipintori
mosaicista,arte del mosaico,mosaicista,mosaicista,mosaicista,decorazioni e mestieri dell'arte,beni,
murer,murer,muratore,muratore,edilizia,costruzioni,beni,mureri
murer,murer,muratore,muratore,edilizia,costruzioni,beni,mureri
murer da quadri,murer da quadri,muratore,muratore,edilizia,costruzioni,beni,mureri
murer e marangon,murer e marangon,muratore e falegname,muratore,edilizia,costruzioni,beni,mureri
murer?,murer,muratore,muratore,edilizia,costruzioni,beni,mureri
orefice,orese,orefice,orefice,oro e preziosi,oggettistica,beni,orefici e gioiellieri
orefice,orese,orefice,orefice,oro e preziosi,oggettistica,beni,orefici e gioiellieri
orefice falso,orese falso,orefice - diverse specializzazioni,orefice,oro e preziosi,oggettistica,beni,orefici e gioiellieri
orese,orese,orefice,orefice,oro e preziosi,oggettistica,beni,orefici e gioiellieri
orese,orese,orefice,orefice,oro e preziosi,oggettistica,beni,orefici e gioiellieri
orese batidor,orese batidor,orefice - diverse specializzazioni,orefice,oro e preziosi,oggettistica,beni,orefici e gioiellieri
orese ceselador,orese ceselador,orefice - diverse specializzazioni,orefice,oro e preziosi,oggettistica,beni,orefici e gioiellieri
oresse,orese,orefice,orefice,oro e preziosi,oggettistica,beni,orefici e gioiellieri
organista,organista,organista,organista,musica,altri servizi,servizi,
partioro,partioro,fonditore di oro,zecca,stampa,altre lavorazioni manifatturiere,beni,zecca
pater nostrer da vero,paternostrer da vero,paternoster - diverse specializzazioni,paternosteri o margariteri,vetro,oggettistica,beni,paternosteri e cristalleri
paternoster,paternostrer,paternoster,paternosteri o margariteri,vetro,oggettistica,beni,paternosteri e cristalleri
paternoster da speo,paternostrer da speo,paternoster - diverse specializzazioni,paternosteri o margariteri,vetro,oggettistica,beni,paternosteri e cristalleri
paternoster di trapano,paternoster di trapano,paternoster - diverse specializzazioni,paternosteri o margariteri,vetro,oggettistica,beni,paternosteri e cristalleri
paternostrer,paternostrer,paternoster,paternosteri o margariteri,vetro,oggettistica,beni,paternosteri e cristalleri
paternostrer da legno,paternostrer da legno,coronaio - diverse specializzazioni,fabbricazione corone,altro,oggettistica,beni,coroneri
paternostrer da paternostrer da vero,paternostrer da vero,paternoster - diverse specializzazioni,paternosteri o margariteri,vetro,oggettistica,beni,paternosteri e cristalleri
paternostrer da vero,paternostrer da vero,paternoster - diverse specializzazioni,paternosteri o margariteri,vetro,oggettistica,beni,paternosteri e cristalleri
paternostrer de vero de smaltini,paternostrer da vero da smaltini,paternoster - diverse specializzazioni,paternosteri o margariteri,vetro,oggettistica,beni,paternosteri e cristalleri
perler,perler,perlaio,perlaio,vetro,oggettistica,beni,paternosteri e cristalleri
pitor,pitor,pittore,pittore,decorazioni e mestieri dell'arte,decorazioni e mestieri dell'arte,beni,dipintori
pittor,pitor,pittore,pittore,decorazioni e mestieri dell'arte,decorazioni e mestieri dell'arte,beni,dipintori
pittor,pitor,pittore,pittore,decorazioni e mestieri dell'arte,decorazioni e mestieri dell'arte,beni,dipintori
pittor a guazo,pitor a guazo,pittore - diverse specializzazioni,pittore,decorazioni e mestieri dell'arte,decorazioni e mestieri dell'arte,beni,dipintori
pittor da cuoridoro,cuori d'oro,cuoridoro,orpellaio,decorazioni e mestieri dell'arte,decorazioni e mestieri dell'arte,beni,dipintori
pittor de figure,pitor da figure,pittore - diverse specializzazioni,pittore,decorazioni e mestieri dell'arte,decorazioni e mestieri dell'arte,beni,dipintori
pittor de vetrate,pitor de vetrate,pittore - diverse specializzazioni,pittore,decorazioni e mestieri dell'arte,decorazioni e mestieri dell'arte,beni,dipintori
pittor figurer,pitor da figure,pittore - diverse specializzazioni,pittore,decorazioni e mestieri dell'arte,decorazioni e mestieri dell'arte,beni,dipintori
pittore,pitor,pittore,pittore,decorazioni e mestieri dell'arte,decorazioni e mestieri dell'arte,beni,dipintori
sabioner,sabioner,trasportatori di sabbia,trasportatori di sabbia,trasporto e imballaggio,commercio,servizi,sabioneri
scultor,scultor,scultore,scultore,scultore,decorazioni e mestieri dell'arte,beni,taiapiera
segador,segador,segatore,segatore,altro,costruzioni,beni,taiapiera
sonador,sonador,suonatore,suonatore,musica,altri servizi,servizi,sonadori
sonador ?,sonador,suonatore,suonatore,musica,altri servizi,servizi,sonadori
sonador de clavocinbano,sonador di clavicembalo,suonatore,suonatore,musica,altri servizi,servizi,sonadori
sonador de instrumenti da pena,sonador de instrumenti da pena,suonatore,suonatore,musica,altri servizi,servizi,sonadori
sonador de violino,sonador di violino,suonatore,suonatore,musica,altri servizi,servizi,sonadori
sonar e cantar de organo,sonar e cantar de organo,sonar e cantar de organo,suonatore,musica,altri servizi,servizi,
sonator di arpicordo,sonador di arpicordo,suonatore,suonatore,musica,altri servizi,servizi,sonadori
specchier,spechier,specchiaio,specchiaio,vetro,oggettistica,beni,specchieri
specher,spechier,specchiaio,specchiaio,vetro,oggettistica,beni,specchieri
spechier,spechier,specchiaio,specchiaio,vetro,oggettistica,beni,specchieri
spechier,spechier,specchiaio,specchiaio,vetro,oggettistica,beni,specchieri
spechiera,spechier,specchiaio,specchiaio,vetro,oggettistica,beni,specchieri
spetiale di cere,specier da cere,speziale e venditore di cere,speziale,spezieria,commercio,servizi,spezieri
spitier et cerer,specier e cerer,speziale e venditore di cere,speziale,spezieria,commercio,servizi,spezieri
squerariol,squerariol,lavori allo squero,lavori allo squero,navali,costruzioni,beni,squeraroli
squerariol,squerariol,lavori allo squero,lavori allo squero,navali,costruzioni,beni,squeraroli
squerarol,squerariol,lavori allo squero,lavori allo squero,navali,costruzioni,beni,squeraroli
stampador,stampador,stampatore,stampatori - diverse specializzazioni,stampa,altre lavorazioni manifatturiere,beni,"libreri, stampatori e ligadori"
stampador,stampador,stampatore,stampatori - diverse specializzazioni,stampa,altre lavorazioni manifatturiere,beni,"libreri, stampatori e ligadori"
stampador al componer,stampador al componer,compositore,stampatori - diverse specializzazioni,stampa,altre lavorazioni manifatturiere,beni,"libreri, stampatori e ligadori"
stampador al torcollo,stampador al torcollo,torcolaio,stampatori - diverse specializzazioni,stampa,altre lavorazioni manifatturiere,beni,"libreri, stampatori e ligadori"
stampador al torcolo,stampador al torcollo,torcolaio,stampatori - diverse specializzazioni,stampa,altre lavorazioni manifatturiere,beni,"libreri, stampatori e ligadori"
stampador alle casse,stampador alle casse,stampatore,stampatori - diverse specializzazioni,stampa,altre lavorazioni manifatturiere,beni,"libreri, stampatori e ligadori"
stampador da torcolo,torcoler,torcolaio,stampatori - diverse specializzazioni,stampa,altre lavorazioni manifatturiere,beni,"libreri, stampatori e ligadori"
stampador de rame,stampador in rame,stampatore,stampatori - diverse specializzazioni,stampa,altre lavorazioni manifatturiere,beni,"libreri, stampatori e ligadori"
stampador di libri al torcolo,torcoler,torcolaio,stampatori - diverse specializzazioni,stampa,altre lavorazioni manifatturiere,beni,"libreri, stampatori e ligadori"
stampator,stampator,stampatore,stampatori - diverse specializzazioni,stampa,altre lavorazioni manifatturiere,beni,"libreri, stampatori e ligadori"
stampator al componer,stampador al componer,compositore,stampatori - diverse specializzazioni,stampa,altre lavorazioni manifatturiere,beni,"libreri, stampatori e ligadori"
stampator in carta,stampador in carta,stampatore,stampatori - diverse specializzazioni,stampa,altre lavorazioni manifatturiere,beni,"libreri, stampatori e ligadori"
suonador di manacordi,suonador di manacordi,suonatore di manacordi,suonatore,musica,altri servizi,servizi,sonadori
supialume,supialume,perlaio,perlaio,vetro,oggettistica,beni,paternosteri e cristalleri
tagialume,supialume,perlaio,perlaio,vetro,oggettistica,beni,paternosteri e cristalleri
tagialume  ossia perleri,supialume,perlaio,perlaio,vetro,oggettistica,beni,paternosteri e cristalleri
tagialume ossia perleri,perler,perlaio,perlaio,vetro,oggettistica,beni,paternosteri e cristalleri
tagiapera,tagiapiera,tagliapietra,tagliapietra,edilizia,costruzioni,beni,taiapiera
tagiapiera,tagiapiera,tagliapietra,tagliapietra,edilizia,costruzioni,beni,taiapiera
tagiapiera,tagiapiera,tagliapietra,tagliapietra,edilizia,costruzioni,beni,taiapiera
tagiapiere,tagiapiera,tagliapietra,tagliapietra,edilizia,costruzioni,beni,taiapiera
tagiapietra,tagiapiera,tagliapietra,tagliapietra,edilizia,costruzioni,beni,taiapiera
tagiapietra proto,tagiapiera,tagliapietra,tagliapietra,edilizia,costruzioni,beni,taiapiera
taglia piera,tagiapiera,tagliapietra,tagliapietra,edilizia,costruzioni,beni,taiapiera
tagliapiera,tagiapiera,tagliapietra,tagliapietra,edilizia,costruzioni,beni,taiapiera
tagliapietra,tagiapiera,tagliapietra,tagliapietra,edilizia,costruzioni,beni,taiapiera
taglipietra,tagiapiera,tagliapietra,tagliapietra,edilizia,costruzioni,beni,taiapiera
taiapiera,tagiapiera,tagliapietra,tagliapietra,edilizia,costruzioni,beni,taiapiera
tamburino,tamburin,suonatore,suonatore,musica,altri servizi,servizi,sonadori
targher,targher,fabbricatore di scudi,fabbricatore di scudi,metalli,altre lavorazioni manifatturiere,beni,dipintori
teraoro,tiraoro,tiraoro,fabbricatore di foglie/fili/cordelle d'oro o argento,oro e preziosi,oggettistica,beni,"battioro, stagnoli e colori"
terasser,terazzer,lastricatore,lastricatore,edilizia,costruzioni,beni,terrazeri
terazer,terazzer,lastricatore,lastricatore,edilizia,costruzioni,beni,terrazeri
terazzer,terazzer,lastricatore,lastricatore,edilizia,costruzioni,beni,terrazeri
terrazer,terazzer,lastricatore,lastricatore,edilizia,costruzioni,beni,terrazeri
tira oro,tiraoro,tiraoro,fabbricatore di foglie/fili/cordelle d'oro o argento,oro e preziosi,oggettistica,beni,"battioro, stagnoli e colori"
tiraoro,tiraoro,tiraoro,fabbricatore di foglie/fili/cordelle d'oro o argento,oro e preziosi,oggettistica,beni,"battioro, stagnoli e colori"
tiraoro,tiraoro,tiraoro,fabbricatore di foglie/fili/cordelle d'oro o argento,oro e preziosi,oggettistica,beni,"battioro, stagnoli e colori"
torcoler,torcoler,torcolaio,stampatori - diverse specializzazioni,stampa,altre lavorazioni manifatturiere,beni,"libreri, stampatori e ligadori"
tornidor,tornidor,tornitore,tornitore,tornitore,altre lavorazioni manifatturiere,beni,tornidori e bossoleri
tornidor da avorio,tornidor da avorio,tornitore da avorio,tornitore,tornitore,altre lavorazioni manifatturiere,beni,tornidori e bossoleri
tornidor da legno,tornidor da legno,tornitore da legno,tornitore,tornitore,altre lavorazioni manifatturiere,beni,tornidori e bossoleri
tornidor da ottone,tornidor da ottone,tornitore da legno,tornitore,tornitore,altre lavorazioni manifatturiere,beni,tornidori e bossoleri
verer,verier,vetraio,vetraio,vetro,oggettistica,beni,verieri di Murano
verier,verier,vetraio,vetraio,vetro,oggettistica,beni,verieri di Murano
vetrer,verier,vetraio,vetraio,vetro,oggettistica,beni,verieri di Murano
zimbaner,cimbaner,cimbalaio,fabbricatore di strumenti musicali,musica,altri servizi,servizi,
zirador delli caratteri da stampa,getador da caratteri da stampa,fonditore di caratteri da stampa,fonditori - stampa,stampa,altre lavorazioni manifatturiere,beni,"libreri, stampatori e ligadori"
zittador da stampe,getador da caratteri da stampa,fonditore di caratteri da stampa,fonditori - stampa,stampa,altre lavorazioni manifatturiere,beni,"libreri, stampatori e ligadori"
zogeler,zogeler,gioielliere,gioielliere,oro e preziosi,oggettistica,beni,orefici e gioiellieri
zogelier,zogeler,gioielliere,gioielliere,oro e preziosi,oggettistica,beni,orefici e gioiellieri
zogielier,zogeler,gioielliere,gioielliere,oro e preziosi,oggettistica,beni,orefici e gioiellieri
zogiolier,zogeler,gioielliere,gioielliere,oro e preziosi,oggettistica,beni,orefici e gioiellieri
