Name,White or AfAm Owned,Date founded,Date closed,Location Founded,Films (Produced),Source,Notes,Attachments,Associated People,Films (Distributed),Actors in Theater Company,Associated People (Full Name),Actors in Theater Company (Full Name),Latitude,Longitude
A.A. Millman,,1921,,"Philadephia, PA",Black Thunderbolt,"Frame by Frame: A Black Filmography (Part 1),George P. Johnson Negro Film Collection","GPJ Box 53, F28

On A.A. Millman, see:
The Gettysburg Times (Gettysburg, Pennsylvania) 22 Feb 1921, Tue , Page 1 (attached); The Daily Republican (Monongahela, Pennsylvania) 24 Jun 1924, Tue , Page 1 (attached).","clipping_5317784.pdf (https://dl.airtable.com/miJx6Du3RUKiFUbIHCNo_clipping_5317784.pdf),clipping_5317802.pdf (https://dl.airtable.com/aPoO7eKSiKopQCisEBQW_clipping_5317802.pdf)",Millman,,,A.A. Millman,,39.9525839,-75.1652215
Acme Film Distribution Corporation,,1921,,"Atlanta, GA","The Disappearance of Mary Jane,Harry Wills in Training","""African American Films Through 1959: A Comprehensive, Illustrated Filmography""","There appear to be at least three Acme Film Companies operating around this time, including one in Topeka (see The Parsons Daily Sun (Parsons, Kansas) 16 Mar 1921, Wed , Page 7) and one in New York (see The Evening World (New York, New York) 18 Aug 1921, Thu , First Edition , Page 2). I believe that Atlanta, GA, is the location of this Acme Film Co. on the evidence of D. IRELAND THOMAS. ""Motion Picture News."" The Chicago Defender (National Edition) (1921-1967), Feb 02, 1924, which links the company with The Disappearance of Mary Jane.","clipping_5317900.pdf (https://dl.airtable.com/O9TYNf9HRq1dsFtWfZm8_clipping_5317900.pdf),clipping_5317802.pdf (https://dl.airtable.com/yVMy79k4TxOKfeufuOPg_clipping_5317802.pdf),out (3).pdf (https://dl.airtable.com/hXMDWPTBTN60rX8uWugL_out%20(3).pdf)",,The Disappearance of Mary Jane,,,,33.7489954,-84.3879824
Afro-American Film Company,White Owned,1914,,"Kansas City, Missouri","With the Help of Uncle Eben,Dandy Jim's Dream,The Tango Queen,Lovie Joe's Romance,Mandy's Choice,Woman's Error,The Lure of a Woman","Richard E. Norman and Race Filmmaking,Blacks in Black and White,Forgeries of Memory and Meaning: Blacks and the Regimes of Race in American Theater and Film Before World War II","D, Ireland Thomas. ""MOTION PICTURE NEWS."" The Chicago Defender (National Edition) (1921-1967), May 20, 1922. 

J.A. JACKSON'S PAGE: WINSTON-SALEM. The Billboard (Archive: 1894-1960), Nov 05, 1921. 47",out (4).pdf (https://dl.airtable.com/D2g93BLuQHmZECJ5ffrq_out%20(4).pdf),"Haynes,Bell,James,Cross,Allen",The Lure of a Woman,,"Hunter Haynes, Willie Bell, W.D. James, H.E. Cross, Charles H. Allen",,39.0997265,-94.5785667
Al Bartlett Film Manufacturing Company,White Owned,1913,,"Atlanta, Georgia","The Fall of the Mighty,Slim-the-Cow-Puncher","""African American Films Through 1959: A Comprehensive, Illustrated Filmography""","See The Atlanta Constitution (Atlanta, Georgia), Wed, Jul 2, 1913, Page 12; The Atlanta Constitution (Atlanta, Georgia), Tue, Nov 18, 1913, Page 3; The Atlanta Constitution (Atlanta, Georgia), Sun, May 10, 1914, Page 8. Profile of Al Bartlett: The Atlanta Constitution (Atlanta, Georgia), Sun, May 4, 1913, Page 3.","clipping_5331838.pdf (https://dl.airtable.com/ej0SB1xAStikUFjSy7MA_clipping_5331838.pdf),clipping_5331866.pdf (https://dl.airtable.com/LiTajSBARduMftISSJDB_clipping_5331866.pdf),clipping_5331882.pdf (https://dl.airtable.com/WBMH6JkRQmWcvczXqYwY_clipping_5331882.pdf),clipping_5331977.pdf (https://dl.airtable.com/VepzuWaJQpWcduol7xHW_clipping_5331977.pdf)",Bartlett,,,Al Bartlett,,33.7489954,-84.3879824
Allmon-Hudlin Film Company,African American Owned,1916,,"Kansas City, MO",,Forgeries of Memory and Meaning: Blacks and the Regimes of Race in American Theater and Film Before World War II,,,Allmon,,,Charles Allmon,,39.0997265,-94.5785667
America Motion Picture Corporation,,1920,,"Washington, DC",,George P. Johnson Negro Film Collection,Unable to find any mention of this company in contemporary newspapers. --MP,,,,,,,38.9071923,-77.0368707
Anderson-Watkins Film Exhibition Company,African American Owned,1913,,"Chicago, Illinois",A Day at Tuskegee,"Envisioning Freedom: Cinema and the Building of Modern Black Life,Uplift Cinema: The Emergence of African American Film and the Possibility of Black Modernity","On the Anderson-Watkins Film Company, see Field, Uplift Cinema, pp. 101-120.",,"Anderson,Watkins,Marshall,Lewis",,,"Louis B. Anderson, William F. Watkins, John Marshall, Cary B. Lewis",,41.8781136,-87.6297982
Andlauer Production Company,White Owned,1921,,"312 Ozark Building, Kansas City, Kansas",As the World Rolls On,Slow Fade to Black,"See FILM CO. ADDRESSES. (1923, Apr 07). The Chicago Defender (National Edition) (1921-1967).",out (58).pdf (https://dl.airtable.com/gEO7T3OvRu6DrMhB5zk8_out%20(58).pdf),Andlauer ,,,W.A. Andlauer ,,39.0388229,-94.4930398
Apollo,,,,,Love Me Love My Dog,,"Arkansas City Daily Traveler  (Arkansas City, Kansas) 24 Nov 1913, Mon , Page 5",,,,,,,,
Aristo Film Company,White Owned,1920,,"106 1/2 Whithall Street, Atlanta, Georgia",Georgia Rose,George P. Johnson Negro Film Collection,"On Aristo Film Corp., see Desiree Garcia, The Migration of Musical Film: From Ethnic Margins to American Mainstream (Rutgers, 2014). See also Reno Gazette-Journal (Reno, Nevada), Sat, Nov 7, 1931, Main Edition, Page 8.",clipping_5332128.pdf (https://dl.airtable.com/ggnPKgEQ20la2gscrmbA_clipping_5332128.pdf),,,,,,33.7370502,-84.4128486
Associated Negro Picture Distributors,,,,"152 West 45 Street, New York City, New York",,George P. Johnson Negro Film Collection,"On this company, see http://dlg.galileo.usg.edu/douglass/dbr033.php: Manuscript held by the Middle Georgia Archives, Washington Memorial Library, Charles Henry Douglass, Jr. business records, 1906-1967, box 19, folder 173, document 44.

See also http://dlg.galileo.usg.edu/douglass/dbr035.php: repository: Middle Georgia Archives; collection: Charles Henry Douglass business records; box: 19; folder: 173; item: 54.",,,Birthright,,,,40.7575457,-73.9845872
Baccus Film Company,White Owned,1922,,"Paris, TX",From Cotton Patch to Congress,George P. Johnson Negro Film Collection,"B53, F28, GPJ Collection.

See also D. IRELAND THOMAS. ""Motion Picture News."" The Chicago Defender (National Edition) (1921-1967), May 26, 1923. ",out (9).pdf (https://dl.airtable.com/jDBY1gJeQPiZuy960SjM_out%20(9).pdf),Baccus,,,V. Baccus,,33.6609389,-95.555513
Ben Roy Productions,African American Owned,1921,,"605 Caroline St., Houston, TX",The Man from Texas,George P. Johnson Negro Film Collection,"In Ben Roy Productions folder, box 3, GPJ Collection. --MP",,Wilson,,,Ben Wilson,,29.7582286,-95.3600614
Billy Mills Stock Company,,,,,,,,,"Mills,Johnson,Stewart,Frisbie",,,"Billy Mills, Maud Johnson, Robert Stewart, Maud Frisbie",,,
Biltmore Film Company,,1930,,"299 West 135 Street, New York, New York",,George P. Johnson Negro Film Collection,"Box 53, F28. GPJ notes that he has no record of productions ever made by Biltmore",,,,,,,40.81652,-73.9465065
Birth of a Race Film Company,White Owned,1917,,"Chicago, IL",The Birth of a Race,"""African American Films Through 1959: A Comprehensive, Illustrated Filmography"",Blacks in Black and White,George P. Johnson Negro Film Collection","Alternative Name: Birth of a Race Photoplay Corporation. Incorporated in Delaware for $1,000,000. GPJ, Box 53, F28",,"Barker,Williams",,,"Edwin L. Barker, John C. Williams",,41.8781136,-87.6297982
Black Western Film Company,,1922,,"Baltimore, MD",Shoot 'Em Up Sam,"""African American Films Through 1959: A Comprehensive, Illustrated Filmography""",Unable to find mention of this company in contemporary newspapers. --MP,,,,,,,39.2903848,-76.6121893
Blackburn Velde Productions,White Owned,1921,,"New York, NY",For His Mother's Sake,"George P. Johnson Negro Film Collection,Slow Fade to Black","Box 4, Blackburne Velde Productions folder, GPJ Collection. --MP

The Morning News (Wilmington, Delaware), Fri, Sep 2, 1921, Main Edition, Page 10.",clipping_5341379.pdf (https://dl.airtable.com/TQChT0uRkeTapkwAMKAR_clipping_5341379.pdf),"Blackburn,Velde,Velde",,,"Robert F. Blackburn, Dedie S. Velde, Marie Velde",,40.7127837,-74.0059413
Blackhawk Films,White Owned,,,"64 East Phelan Blvd., Davenport, Iowa",St. Louis Blues,"""African American Films Through 1959: A Comprehensive, Illustrated Filmography""",,,,,,,,41.5236437,-90.5776367
Blue Ribbon Pictures,,,,,Toussaint L'Ouverture,,,,,,,,,,
Bookertee Film Company,African American Owned,1921,,"1718 W. Jefferson St., Los Angeles, CA","The $10000 Trail,My First Love","George P. Johnson Negro Film Collection,Richard E. Norman and Race Filmmaking","GPJ Box 4, Bookertee Film Exchange Folder --MP
GPJ, Box 53, F28
Alternate address: 201 Winston Bldg, Los Angeles, CA
",,Dones,"Reformation,Upward Path,The Minister's Temptation,Loyal Hearts",,Sidney P. Dones,,34.025262,-118.306712
Brotherhood of Elks,,,,,Colored Elks Parade,"""African American Films Through 1959: A Comprehensive, Illustrated Filmography""",,,,,,,,,
Buchanan & Franklin Cinema Corporation,,,,"Paris, France",Democracy Paid For,,"Frenchmen produce race play. (1919, Sep 06). The Chicago Defender (Big Weekend Edition) (1905-1966)",out (33).pdf (https://dl.airtable.com/TQz9CNaSu62wvnEc8qoJ_out%20(33).pdf),,,,,,48.856614,2.3522219
C.B. Campbell,,,,"Pensacola, Florida",,Slow Fade to Black,,,,,,,,30.421309,-87.2169149
Castle Films,,,,,Let's Do the Black Bottom ,"""African American Films Through 1959: A Comprehensive, Illustrated Filmography""",,,,,,,,,
Centrake Cinematographique,,,,,The Count,George P. Johnson Negro Film Collection,,,,,,,,,
Century Film Company,White Owned,1920,,"Los Angeles, CA",,George P. Johnson Negro Film Collection,"B53, F28. Name was previously L-Ko.",,,,,,,34.0522342,-118.2436849
Charles H. Turpin,African American Owned,1918,,"St. Louis, MO","Turpin's Real Reels,Pythian Parade and 19th Biannual Encampment","""African American Films Through 1959: A Comprehensive, Illustrated Filmography"",George P. Johnson Negro Film Collection","B53, F28",,,,,,,38.6270025,-90.1994042
Chicago Daily News Film Service,,,,"Chicago, Ilinois",A Pictorial View of Idlewild,,,,,,,,,41.8781136,-87.6297982
Chicago Defender,African American Owned,,,"Chicago, Illino",Elks Parade,,,,,,,,,41.8781136,-87.6297982
Christie Film Company,White Owned,1928,1933,"Hollywood, CA",Oft in the Silly Night,George P. Johnson Negro Film Collection,"GPJ Box 3, Bell, Spencer folder",,,,,,,34.0928092,-118.3286614
Coloniale du Film,,,,,Samba,"""African American Films Through 1959: A Comprehensive, Illustrated Filmography""",,,,,,,,,
Colored and Indian Film Corporation,African American Owned,1917,,"New York, New York","Clef Club Five Minutes for Train,Prize Drill Team,Love and Undertakers","Slow Fade to Black,George P. Johnson Negro Film Collection",,,,,,,,40.7127837,-74.0059413
Colored Feature Photoplays,,1921,,"Union, NJ",Square Joe,"Slow Fade to Black,George P. Johnson Negro Film Collection","Box 53, F28",,,,,,,40.6975898,-74.2631635
Colored Motion Picture Producers of America,White Owned,1926,,"St. Louis, MO",Nine Lives,George P. Johnson Negro Film Collection,"B53, F28, GPJ Collection.

Owsley, Tim. """"NOW""."" The Chicago Defender (National Edition) (1921-1967), Jun 12, 1926

""BUTTERBEANS AND SUSIE LEAD PARADE."" The Chicago Defender (National Edition) (1921-1967), Jul 17, 1926",out (20).pdf (https://dl.airtable.com/JfcaR6EASQSuTfgCXcc3_out%20(20).pdf),"Burke,Ray",,,"M.M. Burke, T.J. Ray",,38.6270025,-90.1994042
Colored Players Film Corporation of Philadelphia,White Owned,1926,1927,"1337 Vine St., Philadelphia, Pennsylvania","The Scar of Shame,A Prince of His Race,Children of Fate,Ten Nights in a Bar-Room ",Richard E. Norman and Race Filmmaking,,,"Starkman,Dudley",,,"David Starkman, Sherman Dudley",,39.958136,-75.161293
Comet Film Exchange,African American Owned,,,"33 Vine Street, Philadelphia, PA PA",,"""African American Films Through 1959: A Comprehensive, Illustrated Filmography""","See J.A. JACKSON'S PAGE: TWO BIG SHOWS IN PROSPECT. The Billboard (Archive: 1894-1960), Jul 23, 1921",Screen Shot 2016-06-05 at 6.33.38 PM.png (https://dl.airtable.com/Pa55Mi5TcKgYyhi29MNw_Screen%20Shot%202016-06-05%20at%206.33.38%20PM.png),,A Modern Cain,,,,39.9554125,-75.1395979
Congo Film Service,,,,"Roanoke, VA",,,"Distributor. Described in D Ireland Thomas. ""MOTION PICTURE NEWS."" The Chicago Defender (National Edition) (1921-1967), May 20, 1922 as a ""good exchange that book[s] colored pictures"" (see attached). --MP",out (4).pdf (https://dl.airtable.com/cipBUiWpTn2y1vpYiwyj_out%20(4).pdf),,,,,,37.2709704,-79.9414266
Constellation Film Corporation,White Owned,1921,1921,"28 West 44 Street, New York City, New York",,"Slow Fade to Black,George P. Johnson Negro Film Collection","Box 53, F28",,,,,,,40.7550586,-73.9816781
Cosmopolitan Picture Corporation,,,,"Washington, DC",Bishop of the Ozarks,George P. Johnson Negro Film Collection,"B53, F28. GPJ notes ""no productions""

On Hubbard's involvement (and a planned production), see HERE AND THERE AMONG THE FOLKS. (1922, Jul 22). The Billboard (Archive: 1894-1960), 34, 42-42, 59. Not sure if the production referred to here is Bishop of the Ozarks -- Jackson calls it Old Simon (I think). --MP",ProQuestDocuments-2016-06-06.pdf (https://dl.airtable.com/1awC84kWSw27YjO07ncR_ProQuestDocuments-2016-06-06.pdf),Hubbard,,,M.W. Hubbard,,38.9071923,-77.0368707
Cotton Blossom Film Corporation,African American Owned,1922,,"San Antonio, Texas",Undisputed Evidence,Slow Fade to Black,"See also D. Ireland Thomas. ""Motion Picture News."" The Chicago Defender (National Edition) (1921-1967), Mar 04, 1922 (attached).",out (1).pdf (https://dl.airtable.com/Xazxx7UQwahdJORomxrg_out%20(1).pdf),,,,,,29.4241219,-98.4936282
Crispus Attucks News Review,"White Owned,African American Owned",1920,1920,"Washington, DC",,"Envisioning Freedom: Cinema and the Building of Modern Black Life,George P. Johnson Negro Film Collection","GPJ Collection, Box 9, Crispus Attucks News Review folder. --MP",,,,,,,38.9071923,-77.0368707
Crusader Film Company,,,,,Tuskegee Finds a Way Out,"""African American Films Through 1959: A Comprehensive, Illustrated Filmography""",,,,,,,,,
Cuckoo Comedies,,1919,,"Jacksonville, FL",,George P. Johnson Negro Film Collection,"B53, F28. GPJ notes ""no productions""",,,,,,,30.3321838,-81.655651
Cyclone Pictures,,,,,A Chocolate Cowboy,"""African American Films Through 1959: A Comprehensive, Illustrated Filmography""",,,,,,,,,
D.W.D. Film Corporation,,,,"Raleigh, North Carolina",A Child in Pawn,"""African American Films Through 1959: A Comprehensive, Illustrated Filmography""",,,,,,,,35.7795897,-78.6381787
De Light Film Company,African American Owned,1919,,"Chicago, IL",,George P. Johnson Negro Film Collection,,,,,,,,41.8781136,-87.6297982
Deanwood Picture Corporation,,1922,,"208 Southern Aid Building, Washington, DC",,George P. Johnson Negro Film Collection,"B53, F28, GPJ Collection.

See also See FILM CO. ADDRESSES. (1923, Apr 07). The Chicago Defender (National Edition) (1921-1967).",out (58).pdf (https://dl.airtable.com/jZRlpqXORsyS1RZRrE6j_out%20(58).pdf),,,,,,38.9071923,-77.0368707
Delight Films,White Owned,,,,Othello,"Slow Fade to Black,Envisioning Freedom: Cinema and the Building of Modern Black Life","""Investigations later revealed that the company was ,swindling, funds
with no actual plans to produce moving pictures"" (Caddoo 84).
",,,,,,,,
Delsarte Film Corporation,White Owned,,,,"The Jungle God,Toussaint L'Ouverture",Envisioning Freedom: Cinema and the Building of Modern Black Life,"On The Jungle God, see ""J.A. JACKSON'S PAGE: PHILADELPHIA JOURNAL."" The Billboard (Archive: 1894-1960) 33, no. 18 (Apr 30, 1921): 45.",ProQuestDocuments-2016-06-05 (5).pdf (https://dl.airtable.com/JGM6EHXvS4KjhrQtT7A2_ProQuestDocuments-2016-06-05%20(5).pdf),Muse,,,Clarence Muse,,,
Democracy Film Corporation,,,,"Los Angeles, CA",Loyal Hearts,George P. Johnson Negro Film Collection,"B53, F28. Name was previously Loyalty Film Company.",,,,,,,34.0522342,-118.2436849
Democracy Photoplay Corporation,White Owned,1918,,"Wilmington, Delaware","Democracy or a Fight for Right,Upward Path,Loyal Hearts,Reformation,The Minister's Temptation","Slow Fade to Black,Blacks in Black and White","Delaware County Daily Times  (Chester, Pennsylvania) 2 Dec 1918, Mon , Page 9.",clipping_5267452.pdf (https://dl.airtable.com/5qzSash5RL66Mrh8SXNP_clipping_5267452.pdf),"McKinney,Coleman,Norris,Peacock,Lybarger",,,"Catatin T.N. McKinney, J.W. Coleman, J.T. Norris, Leslie T. Peacock, Lee Francis Lybarger",,39.7390721,-75.5397878
Dixie Nations Pictures Incorporated,,,,"Hollywood, CA",,George P. Johnson Negro Film Collection,"B53, F28",,,,,,,34.0928092,-118.3286614
Domino Productions Inc.,,,,"New York City, NY",,George P. Johnson Negro Film Collection,"B53, F28",,,,,,,40.7127837,-74.0059413
Douglas Amusement Company,,,,"Philadephia, PA",,George P. Johnson Negro Film Collection,"B53, F28",,,,,,,39.9525839,-75.1652215
Douglas Photoplay Syndicate,,,,,,Envisioning Freedom: Cinema and the Building of Modern Black Life,,,,,,,,,
Downing Film Company,,1919,,"New York City, NY",Our Colored Fighters,George P. Johnson Negro Film Collection,"B53, F28",,,,,,,40.7127837,-74.0059413
Downs-Whipper-Allen Moving Picture Company,,1919,,"New York City, NY",,George P. Johnson Negro Film Collection,"B53, F28. GPJ notes ""no productions""",,,,,,,40.7127837,-74.0059413
Dudley Film Company,,,,,Reckless Money,"""African American Films Through 1959: A Comprehensive, Illustrated Filmography""",,,,,,,,,
Dunbar Film Corporation,"African American Owned,White Owned",1928,,"440 Lenox Ave., New York, NY","Tony's Shirt,The Midnight Ace","""African American Films Through 1959: A Comprehensive, Illustrated Filmography"",Blacks in Black and White","Address & Swan's association noted in Pittsburgh Courier, May 8, 1928.",,"Micheaux,Eckert,Elwald",,,"Swan Micheaux, Peter Eckert, Bertha Elwald",,40.812086,-73.9422223
Duplex Colored Motion Picture Productions,,1926,,"Shreveport, LA",,George P. Johnson Negro Film Collection,"B53, F28",,,,,,,32.5251516,-93.7501789
E.L. Cummings,White Owned,,,,,George P. Johnson Negro Film Collection,"GPJ Box 4, Bookertee Film Exchange Folder --MP",,,The $10000 Trail,,,,,
E.S.&L. Colored Picture Photoplay Company,,1920,,"New York City, NY",Square Joe,George P. Johnson Negro Film Collection,"B53, F28",,,,,,,40.7127837,-74.0059413
E&H Distribution Company,,,,"Fourth Ave, Birmingham, AL",Devils Match,"""African American Films Through 1959: A Comprehensive, Illustrated Filmography""",,,,,,,,33.6138521,-86.7476936
Eagle Film Company,African American Owned,1922,,"923 N. Jefferson Ave., St. Louis, Missouri",,Blacks in Black and White,"Specialized in newsreels, particularly of fraternal organizations (per Sampson, 77). --MP",,"Riley,McFall,Bynum",,,"W.M. Riley, S.B. McFall, W.C. Bynum",,38.6385273,-90.2128469
Ebony Film Corporation,White Owned,1915,,"608 S. Dearborn St., Chicago, IL","Spying the Spy,A Black Sherlock Holmes,A Black and Tan Mix-Up,Spooks,Are Working Girls Safe?,Aladdin Jones,The Bully,The Comeback of Barnacle Bill,Dat Blackhand Waitah Man,Devil for a Day,Do the Dead Talk?,Fixing the Faker,The Porters,A Reckless Rover,Shine Johnson and the Rabbit Foot,When Cupid Went Wild,When You Are Scared Run,When You Hit Hit Hard,The Janitor,Ghosts,Good Luck in Old Clothes,A Busted Romance,Wrong All Around","Richard E. Norman and Race Filmmaking,""The 'Reol' Story: Race Authorship and Consciousness in Robert Levy's Reol Productions, 1921-1926""","Among the corporation's officers, ""Pollard was the only Negro"" (Sampson, 56).",,"Pollard,Rodgers,Bristol,Schroeder,Mummery,Roane,Graham,Pollard,Phillips",,,"R.L. Pollard, George E. Rodgers, W.E. Bristol, Edward Schroeder, William Mummery, Charles B. Roane, Thomas Graham, L.T. Pollard, George Phillips",,41.8740378,-87.6292065
Enterprise Film Company,,,,,Come Back,"""African American Films Through 1959: A Comprehensive, Illustrated Filmography""","Possibly a distributor? See The Dallas Express (Dallas, Texas), Sat, Apr 29, 1922, First Edition, Page 8.

The Courier-Journal (Louisville, Kentucky), Tue, Nov 16, 1915, Page 10.","clipping_5267853.pdf (https://dl.airtable.com/aDZPkOwRguyyE1jrFXvP_clipping_5267853.pdf),clipping_5267887.pdf (https://dl.airtable.com/FgccZLJQXOCHEcHvBck7_clipping_5267887.pdf)",,,,,,,
Ernest Stern,,,,,The Witching Eyes,"""Within Our Gates: Ethnicity in American Feature Films, 1911-1960""",,,,,,,,,
Eureka Film Company,White Owned,1921,,"New York City, NY",Square Joe,"George P. Johnson Negro Film Collection,Slow Fade to Black","""CHARLES GILPIN NOTED ACTOR TO ENTER MOVIES."" Afro-American (1893-1988), Apr 22, 1921.

B53, F28",out (47).pdf (https://dl.airtable.com/AvpinXrcSwmLhmaniZeA_out%20(47).pdf),Fitzgerald,,,J.A. Fitzgerald,,40.7127837,-74.0059413
Eureka Film Corporation,,1928,,"Cincinnati, OH",,George P. Johnson Negro Film Collection,"B53, F28",,,,,,,39.1031182,-84.5120196
Exquisite Productions,,,,,Golden Pearls of Progress,Blacks in Black and White,,,,,,,,,
Famous Artist Film Company,,1922,,"Dallas, TX","The Perfect Dreamer,Foolish Wives",George P. Johnson Negro Film Collection,"B53, F28",,,,,,,32.7766642,-96.7969879
Famous Artist Film Coporation,,,,"Philadephia, PA",,George P. Johnson Negro Film Collection,"B53, F28",,,,,,,39.9525839,-75.1652215
FBO,,,,,,George P. Johnson Negro Film Collection,,,,,,,,,
Fife Production Company,,1/19/1922,,"4001 Cottage Grove Ave., Chicago, Illinois",A Modern Cain,"Blacks in Black and White,George P. Johnson Negro Film Collection","Box 53, F28, GPJ Collection.

See also FILM CO. ADDRESSES. (1923, Apr 07). The Chicago Defender (National Edition) (1921-1967).",,,,,,,41.82119,-87.606565
Finely Film Company,,,,"Cincinnati, OH",Colored Troops at Chillicothe,"""African American Films Through 1959: A Comprehensive, Illustrated Filmography"",George P. Johnson Negro Film Collection","Box 53, F28. Alternate spelling, ""Finley Film Company""",,,,,,,39.1031182,-84.5120196
Florentine Film Manufacturing Company,,1921,,903 U St. N.W. Washington D.C.,,"Envisioning Freedom: Cinema and the Building of Modern Black Life,George P. Johnson Negro Film Collection",,,,,,,,38.9171661,-77.0242823
Foster Photoplay Company,African American Owned,1913,1917,"3003 S. Spring St., Chicago, Illinois","The Railroad Porter,The Butler,The Fall Guy,The Railroad Porter,The Colored Championship Base Ball Game,The Barber,8th Regiment Departing for Texas & Relatives of 8th Regiment Troops,Chicago's Business Activities and Scenes along State Street/Chicago Businesses and Secret Orders,Mother,Smile Film of Colored Troops' Folks,Birth Mark,Fool and Fire,Brother,YMCA Dedication,A Woman's Worst Enemy,The Grafter and the Maid","Envisioning Freedom: Cinema and the Building of Modern Black Life,The Ambitions of William Foster","Different accounts of founding date; Caddoo gives 1910, Field (2016) gives 1913.

See The New York Age (New York, New York), Thu, Apr 9, 1914, Page 6 (attached).",clipping_5309471.pdf (https://dl.airtable.com/RP3lF1kYTtKRwpyV2M9v_clipping_5309471.pdf),"Shoecraft,Foster,Hanson,Jones,Langston","The Fall Guy,Fool and Fire",,"Joseph Shoecraft, William Foster, Robert Hanson, Henry Jones, Tony Langston",,42.0051785,-87.8276765
Frank Hall Production,,,,,The Bar Sinister,"""African American Films Through 1959: A Comprehensive, Illustrated Filmography""",,,,,,,,,
Frederick Douglass Film Company,African American Owned,1919,,"354 Pacific Ave., Jersey City, New Jersey","The Colored American Winning His Suit,The Scapegoat,Heroic Colored Soldiers of the War","The Ambitions of William Foster,Blacks in Black and White",,,"Smith,Scraggins",,,"A.W. Smith, Traverse Scraggins",,40.712443,-74.060698
Gaiety Comedies,,,,,Dark and Cloudy,"""African American Films Through 1959: A Comprehensive, Illustrated Filmography""",,,,,,,,,
Gate City Feature Film Company,African American Owned,1921,,"Kansas City, MO",Fought and Won,"Slow Fade to Black,George P. Johnson Negro Film Collection","B53, F28, GPJ Collection

See also ""J.A.JACKSON'S PAGE: KANSAS CITY FILM STARTS ACTIVITY."" The Billboard (Archive: 1894-1960) 33, no. 15 (Apr 09, 1921): 43.",ProQuestDocuments-2016-06-05 (4).pdf (https://dl.airtable.com/JGtzhWoSFmHWXN38WYGZ_ProQuestDocuments-2016-06-05%20(4).pdf),,,,,,39.0997265,-94.5785667
General Film Company,White Owned,1909,1918,,,"""African American Films Through 1959: A Comprehensive, Illustrated Filmography""",Formed by Motion Picture Patents Company. Sold in 1918 to Lincoln and Parker Film company.,,,"Do the Dead Talk?,Fish,Fixing the Faker,The Porters,A Reckless Rover,Shine Johnson and the Rabbit Foot,When You Are Scared Run,The Janitor,Are Working Girls Safe?",,,,,
George M. Lewis Stock Compay,African American Owned,,,,The Janitor,"""African American Films Through 1959: A Comprehensive, Illustrated Filmography""",,,"Robinson,Junior,Watson,Lewin,Moralis,Whitely,Duree,Jacks",,,"Sam Robinson, Yvonne Junior, Julia Watson, George Lewin, Bertie Moralis, Elsie Whitely, Robert Duree, Samuel Jacks",,,
George W. Broome Exhibition Company,African American Owned,1910,,"Boston, MA",A Trip to Tuskegee,"Forgeries of Memory and Meaning: Blacks and the Regimes of Race in American Theater and Film Before World War II,Uplift Cinema: The Emergence of African American Film and the Possibility of Black Modernity",,,Broome,,,George Broome,,42.3600825,-71.0588801
Goldberg Productions,,,,,,,,,,,,,,,
Hampton Institute,African American Owned,,,,"Making Negro Lives Count,John Henry at Hampton: A Kind of Student Who Makes Good,Cephas Returns,The New Era",,,,,,,,,,
Harris Dickson Film Company,White Owned,,,"New York, NY",The Custard Nine,Richard E. Norman and Race Filmmaking,"See 
""J.A. JACKSON'S PAGE: HEARD ABOUT OUR SCREEN ARTISTS."" The Billboard (Archive: 1894-1960) 33, no. 13 (Mar 26, 1921): 41.",ProQuestDocuments-2016-06-05 (2).pdf (https://dl.airtable.com/1ICj28lwTIiv5k0gzZML_ProQuestDocuments-2016-06-05%20(2).pdf),,,,,,40.7127837,-74.0059413
Harris-Ebony Film Company,,1918,,"New York, NY",,George P. Johnson Negro Film Collection,"B53, F28",,,,,,,40.7127837,-74.0059413
Herald Pictures,,,,,Boy What a Girl,George P. Johnson Negro Film Collection,"Box 4, Boy What a Girl folder, GPJ collection",,,,,,,,
Hollywood Productions,,,,,Harlem Rides The Range,,,,,,,,,,
Hunter C. Haynes Photoplay Company,,,,,"A Review of the B.M.C. and Colored Business World,Uncle Remus' First Visit to New York,Haynes Newsreel No. 1,Haynes Newsreel No. 2,Haynes Newsreel No. 3,Notable Negroes and Their Achievements",,,,,,,,,,
International Negro Newsreel,,1930,,"New York City, NY",,George P. Johnson Negro Film Collection,"B53, F28",,Wardner,,,Chappy Wardner,,40.7127837,-74.0059413
"Johnson-Flynn Feature Film Co., Inc.",,,,"710 First National Bank Bldg., Chicago, Illinois",Jack Johnson vs. Jim Flynn,,"Moving Picture World, June 1, 1912, p. 876.",Screen Shot 2016-05-09 at 5.03.08 PM.png (https://dl.airtable.com/vpynS2yhT5mEkBeDtyuY_Screen%20Shot%202016-05-09%20at%205.03.08%20PM.png),,,,,,41.8781136,-87.6297982
Juliet Educational Film Company,African American Owned,1920,,"New York City, NY",,George P. Johnson Negro Film Collection,"B53, F28, GPJ Film Collection

Discrepancy: GPJ also lists founding as 1918.",,,,,,,40.7127837,-74.0059413
Ker-Mar Producing Company,African American Owned,1917,,"Baltimore, Maryland",,George P. Johnson Negro Film Collection,,,,,,,,39.2903848,-76.6121893
L-Ko,White Owned,1916,,"Los Angeles, CA",Barber of Darktown,"Slow Fade to Black,George P. Johnson Negro Film Collection",Named changed to Century Film Company,,,,,,,34.0522342,-118.2436849
Lafayette Players,African American Owned,1915,1932,"New York, New York",,Oscar Micheaux and His Circle,"See Sister Francesca Thompson, From Shadows 'n Shufflin' to Spotlights and Cinema, in Bowser et al. --MP",,,,"Bush,Gilpin,Bishop,Muse,Thompson,Moore,DeComathiere,Preer,Sutton,Clough,Mitchell,Bowman,Desmond,Gradie",,"Anita Bush, Charles Gilpin, Andrew S. Bishop, Clarence Muse, Edward Thompson, Charles Moore, A.B. DeComathiere, Evelyn Preer, Susie Sutton, Inez Clough, Abbie Mitchell, Laura Bowman, Cleo Desmond, Lottie Gradie",40.7127837,-74.0059413
Lee De Forest Phonofilms,White Owned,,,,"Sissle and Blake,Snappy Tunes","""African American Films Through 1959: A Comprehensive, Illustrated Filmography""",,,,,,,,,
Leigh Whipper Film Company,African American Owned,,,"2313 7th Avenue, New York, NY","Renissance Newsreel,A Regeneration of Souls,The Comeback","""African American Films Through 1959: A Comprehensive, Illustrated Filmography""",,,Whipper,,,Leigh Whipper,,40.8157408,-73.9432495
Lincoln Motion Picture Company,African American Owned,1916,1923,"1121 S. Central Ave., Los Angeles, California","The Realization of a Negro's Ambition,The Trooper of Company K,The Law of Nature,A Man's Duty,By Right of Birth,The Heart of A Negro,A Day with the Tenth Cavalry at Fort Huachaca,Lincoln Pictorial ,How High Is Up?","Richard E. Norman and Race Filmmaking,Blacks in Black and White","Sampson gives the founding date as 1916, incorporation date as Jan. 20, 1917. --MP",,"Johnson,Smith,Brooks,Brooks,Tyler,Langston",,,"Noble Johnson, James Thomas Smith, Clarence Brooks, Dudley A. Brooks, Willes O. Tyler, Tony Langston",,34.0304133,-118.2451321
Lone Star Motion Picture Company,,1922,,"617 Dawson St., San Antonio, Texas","The Wife Hunters,The Stranger from Way Out Yonder,Why Worry?,Wrong All Around,The Wrong Mr. Johnson,You Can't Keep a Good Man Down,The Girl from the Pepper Patch",Slow Fade to Black,"See FILM CO. ADDRESSES. (1923, Apr 07). The Chicago Defender (National Edition) (1921-1967).

See also D. Ireland Thomas. ""Motion Picture News."" The Chicago Defender (National Edition) (1921-1967), Aug 12, 1922.","out (58).pdf (https://dl.airtable.com/LNtzzmUoT0CTMRBwWg5M_out%20(58).pdf),out (60).pdf (https://dl.airtable.com/ibYH8VkSk1okhu4RXDAd_out%20(60).pdf)",Teycer,,,B.L. Teycer,,29.426665,-98.474025
Loyalty Film Company,,1920,,"Los Angeles, CA",Loyal Hearts,George P. Johnson Negro Film Collection,"B53, F28. Name changed to Democracy Film Corporation.",,,,,,,34.0522342,-118.2436849
Madam C.J. Walker Manufacturing Company,African American Owned,,,,Pythian Conclave and League Parley,"""African American Films Through 1959: A Comprehensive, Illustrated Filmography""",,,,,,,,,
Maurice Film Company,African American Owned,1920,,"184 E. High St., Detroit, Michigan","Nobody's Children,Eleven P.M.,Home Brew,Return of Black Hawk,Exit","Uplift Cinema: The Emergence of African American Film and the Possibility of Black Modernity,Richard E. Norman and Race Filmmaking,Blacks in Black and White,George P. Johnson Negro Film Collection","GPJ Box 53, F28

See ""NEW FILM CO."" The Chicago Defender (Big Weekend Edition) (1905-1966), Jul 24, 1920 (attached).",out (2).pdf (https://dl.airtable.com/nUihc532SWCkKGm1S6hs_out%20(2).pdf),,,,,,42.2490788,-83.1447238
McAfee Film Company,African American Owned,1918,,"Louisville, KY",,George P. Johnson Negro Film Collection,,,,,,,,38.2526647,-85.7584557
McFall Film Production Company,African American Owned,1922,,"433 N. Euclid Ave., St. Louis, Missouri",,Blacks in Black and White,"According to D. Ireland Thomas, ""they produced several comedies and a number of advertising pictures for merchants in and around St. Louis, Mo. There seems to be a demand for advertising films with members of our race."" See D. IRELAND THOMAS. ""MOTION PICTURE NEWS."" The Chicago Defender (National Edition) (1921-1967), Feb 14, 1925. 

See also J.A. JACKSON'S PAGE: TO PRODUCE FILMS. (1922, Aug 19). The Billboard (Archive: 1894-1960), 34, 85.","out (5).pdf (https://dl.airtable.com/I0QNPjkgSRycaAnkZfQa_out%20(5).pdf),ProQuestDocuments-2016-06-06 (1).pdf (https://dl.airtable.com/CasDckrRNS7eKtlSnWmw_ProQuestDocuments-2016-06-06%20(1).pdf)","Easter,Holman,McFall,Ewing,Thorton,Blanton,Parks",,,"W.K. Easter, Ernest William Holman, S.B. McFall, A.T. Ewing, Willard Thorton, L.D. Blanton, Jason Parks",,38.6496039,-90.261719
Mesco Productions,,,,"Kansas City, MO",The Flaming Crisis,"""African American Films Through 1959: A Comprehensive, Illustrated Filmography"",George P. Johnson Negro Film Collection","GPJ Box 53, F28. Notes The Flaming Crisis as 1926.",,,The Flaming Crisis,,,,39.0997265,-94.5785667
Micheaux Film Corporation,African American Owned,1918,,"Roanoke, Virginia","The Homesteader,Marcus Garland,A Daughter of the Congo,Body and Soul,Within Our Gates,The Symbol of the Unconquered,The Wages of Sin,The Brute,The Gunsaulus Mystery,Deceit,The Millionaire,The Conjure Woman,The House Behind the Cedars,Spider's Web,Birthright,Easy Street,Thirty Years Later,Temptation,When Men Betray,Uncle Jasper's Will,The Broken Violin,The Devil's Disciple,The Dungeon,8th Regiment in Chicago,The Virgin of Seminole,A Son of Satan",Envisioning Freedom: Cinema and the Building of Modern Black Life,,,"Major,Micheaux,Micheaux","The Dungeon,Easy Street,Marcus Garland,Uncle Jasper's Will",,"Cincinattus Major, Oscar Micheaux, Swan Micheaux",,37.2709704,-79.9414266
Midnight Productions,,,,"Los Angeles, CA",Tenderfeet,"""African American Films Through 1959: A Comprehensive, Illustrated Filmography""",,,,,,,,34.0522342,-118.2436849
Million Dollar Productions,,,,,Bargain with Bullets,,,,,Bargain with Bullets,,,,,
Milton Star,,,,,,"""African American Films Through 1959: A Comprehensive, Illustrated Filmography""",,,,The Fighting Deacon,,,,,
Monarch,,,,,The Flaming Crisis,Slow Fade to Black,,,,,,,,,
Monumental Corporation,African American Owned,1920,,"Washington, DC","A Day in the Nation's Capital,Howard-Lincoln Football Game","Envisioning Freedom: Cinema and the Building of Modern Black Life,Slow Fade to Black,""African American Films Through 1959: A Comprehensive, Illustrated Filmography"",George P. Johnson Negro Film Collection","""Listing W. E. B. Du Bois, the poet and journalist Alice Dunbar Nelson, and Leila Walker Wilson, the daughter of Madame C. J. Walker, America,s first self-made black millionaire, on its advisory board, Monumental claimed its productions would 'attract national and international attention.' Nevertheless, the company produced only one or two films during its short existence."" (Caddoo 84).

In GPJ Box 53, F28. Called Monumental Pictures Corporation.

See D. Ireland Thomas. ""Motion Picture News."" The Chicago Defender (National Edition) (1921-1967), Mar 04, 1922 (attached)

See also J.A. JACKSON'S PAGE: WASHINGTON A THEATRICAL CAPITAL WITH CAPITAL. (1921, Feb 26). The Billboard (Archive: 1894-1960), 33, 39.

See also ""J.A. JACKSON'S PAGE: NEGRO NEWS SERIAL RELEASED."" The Billboard (Archive: 1894-1960) 33, no. 22 (May 28, 1921): 45.","out (1).pdf (https://dl.airtable.com/7EXBLeY1TS3Aq8dNkE5Q_out%20(1).pdf),ProQuestDocuments-2016-06-05.pdf (https://dl.airtable.com/7kkIWDXlQ1yaiIhEBxIe_ProQuestDocuments-2016-06-05.pdf),ProQuestDocuments-2016-06-05 (6).pdf (https://dl.airtable.com/QEVqERTcTQC3fSTUpHNY_ProQuestDocuments-2016-06-05%20(6).pdf)",Williams,,,J. Clifford Williams,,38.9071923,-77.0368707
Mt. Olympus Distributing Co.,,,,"110 W 40 Street, New York City, New York",Darktown Affair,"""African American Films Through 1959: A Comprehensive, Illustrated Filmography""",,,,,,,,40.7536976,-73.9859663
Muchener Lichtspielkunst Emelka,,,,,Samba,"""African American Films Through 1959: A Comprehensive, Illustrated Filmography""",,,,,,,,,
National Colored Film Corporation,,,,"Durham, NC",,George P. Johnson Negro Film Collection,"B53, F28",,,,,,,35.9940329,-78.898619
Negro Comedy Film Company,,1920,,"Los Angeles, CA",,George P. Johnson Negro Film Collection,"B53, F28",,,,,,,34.0522342,-118.2436849
Norman Film Manufacturing Company,White Owned,1920,,"Jacksonville, Florida","The Flying Ace,The Love Bug,The Bull-Dogger,The Crimson Skull,Regeneration,Black Gold,Zircon,A Debtor to the Law,The Green Eyed Monster,Sleepy Sam the Sleuth","Uplift Cinema: The Emergence of African American Film and the Possibility of Black Modernity,Richard E. Norman and Race Filmmaking",,,Norman,The Love Bug,,Richard E. Norman,,30.3321838,-81.655651
North State,White Owned,1921,,,"A Giant of His Race,The Devil's Match,A Shot in the Night,His Great Chance","Slow Fade to Black,George P. Johnson Negro Film Collection",,,,,,,,,
Now Liberty Studio Film Company,,1920,,"Los Angeles, CA",,George P. Johnson Negro Film Collection,"B53, F28",,,,,,,34.0522342,-118.2436849
Octavus Cohen,,,,,The Florian Slappey Series,"""African American Films Through 1959: A Comprehensive, Illustrated Filmography""",,,,,,,,,
Paragon Pictures,African American Owned,1928,,"163 107th St., Jamaica, Long Island",,"""African American Films Through 1959: A Comprehensive, Illustrated Filmography"",Blacks in Black and White",,,"Milburn,Allen,Carpenter,Cyrus",,,"I Milburn, Eleanora Allen, William Carpenter, S. Cyrus",,40.6985055,-73.7919899
Path��,White Owned,,,,,,,,,The Custard Nine,,,,,
Peacock Photoplay Company,African American Owned,1922,,"Cambridge, MA","Peacock News Reel #1,Peacock News Reel #2","""African American Films Through 1959: A Comprehensive, Illustrated Filmography"",Blacks in Black and White","See D. IRELAND THOMAS. ""Motion Picture News."" The Chicago Defender (National Edition) (1921-1967), Mar 31, 1923. ",out (10).pdf (https://dl.airtable.com/EFA2aIF9RKW4Mm2y997y_out%20(10).pdf),West,,,Charles West,,42.3736158,-71.1097335
Peter P. Jones Photoplay Ltd.,African American Owned,6/13/1914,,"3704 Prairie Ave., Chicago, IL","For the Honor of the 8th Ill. U.S.A.,The Dawn of Truth,Negro Soldiers Fighting for Uncle Sam,The Troubles of Sambo and Dinah,The Slacker,Colored Soldiers Fighting in Mexico,Progress of the Negro,Re-Birth of a Nation,The Accidental Ruler,Lincoln Jubilee","Envisioning Freedom: Cinema and the Building of Modern Black Life,Blacks in Black and White,George P. Johnson Negro Film Collection,Forgeries of Memory and Meaning: Blacks and the Regimes of Race in American Theater and Film Before World War II","Caddoo gives the founding date as 1916. --MP.  GPJ also lists location as both Chicago and Springfield, IL, B53 F28. --MC

The Chicago Defender published an article about the founding of Peter P. Jones's company in 1914: ""THE STATES."" The Chicago Defender (Big Weekend Edition) (1905-1966), Jun 20, 1914

",out (19).pdf (https://dl.airtable.com/LNRM4VOeSJGFuACch7Wx_out%20(19).pdf),"Dillon,Hackett,Evans,Jones",,,"W.H. Dillon, LeRoy Hackett, John T. Evans, Peter P. Jones",,41.827125,-87.620819
Progress Picture Producing Assoication,African American Owned,1920,,"Kansas City, MO",The Lure of a Woman,"George P. Johnson Negro Film Collection,Envisioning Freedom: Cinema and the Building of Modern Black Life","B53, F28",,,,,,,39.0997265,-94.5785667
Pyramid Picture Corporation,African American Owned,1920,,"Chicago, IL","A Day in the Magic City of Birmingham,People of Atlanta Ga.","""African American Films Through 1959: A Comprehensive, Illustrated Filmography""","On attempt to create children's educational films, see ""J.A.JACKSON'S PAGE: FORD COMPANY."" The Billboard (Archive: 1894-1960) 33, no. 15 (Apr 09, 1921): 43.

",ProQuestDocuments-2016-06-05 (3).pdf (https://dl.airtable.com/mTUVJDfNTFuCFNg8YZVR_ProQuestDocuments-2016-06-05%20(3).pdf),"Snyder,Dawson",,,"E.L. Snyder, Charles P. Dawson",,41.8781136,-87.6297982
Quality Amusement Company,White Owned,,,"Philadelphia, PA",Eyes of Youth,"""The 'Reol' Story: Race Authorship and Consciousness in Robert Levy's Reol Productions, 1921-1926"",George P. Johnson Negro Film Collection","Box 53, F28",,,,,,,39.9525839,-75.1652215
Railroad Men's Amusement Assoication Inc.,,1917,,,,George P. Johnson Negro Film Collection,"B53, F28",,,,,,,,
RCM Production,,,,,,,,,,,,,,,
Renaissance Film Company,,,,"New York, NY",Reel Negro News,"Slow Fade to Black,George P. Johnson Negro Film Collection","B53, F28

Produced newsreels. See J.A.JACKSON'S PAGE: THE PICTAGRAPH. The Billboard (Archive: 1894-1960), Dec 31, 1921. 43.",ProQuestDocuments-2016-06-05 (16).pdf (https://dl.airtable.com/TFbPhFMBSHClFjsUFs0D_ProQuestDocuments-2016-06-05%20(16).pdf),Whipper,,,Leigh Whipper,,40.7127837,-74.0059413
Reol Productions Corporation,White Owned,5/13/1920,1926,"126 W. 46th St., New York, New York","The Call of His People,The Burden of Race,The Sport of the Gods,The Secret Sorrow,Spitfire,The Jazz Hounds,The Simp,Easy Money,The Schemers,Ties of Blood,A Tuskegee Pilgrimage,The Leader of His Race ","""The 'Reol' Story: Race Authorship and Consciousness in Robert Levy's Reol Productions, 1921-1926""","White-owned race film company.

""Reol,s offerings included eight features, two documentary newsreels, and two comic shorts all dealing with contemporary racial issues"" (Petersen). --MP

",,"Levy,Offeman,Reiger",,,"Robert Levy, Emil Offeman, Arthur C. Reiger",,40.7577799,-73.983785
Ridge Photoplay Company,,1918,,"New York City, NY",,George P. Johnson Negro Film Collection,"B53, F28",,,,,,,40.7127837,-74.0059413
Robertson-Cole Pictures Corporation,White Owned,1919,1929,"New York, NY",,,,,,,,,,40.7127837,-74.0059413
Roosevelt Picture Corporation,,1920,,"Washington, DC",,George P. Johnson Negro Film Collection,"B53, F28",,,,,,,38.9071923,-77.0368707
Rosebud Film Corporation,African American Owned,1927,,"1622 Cosmo St., Los Angeles, California","Absent,Georgia Rose","Richard E. Norman and Race Filmmaking,George P. Johnson Negro Film Collection",,,,,,,,34.1001997,-118.3288072
Royal Gardens Motion Picture Company,African American Owned,1919,,"459 E. 31st St., Chicago, IL",In the Depths of Our Hearts,Blacks in Black and White,"See ad: The Chicago Defender (Big Weekend Edition) (1905-1966), Oct 30, 1920. 5",out (3).pdf (https://dl.airtable.com/igAv8GnxSVCwdu4x7CJQ_out%20(3).pdf),,,,,,41.8384311,-87.6147985
Sack Amusement Enterprises,,1920,1979,"San Antonio, TX",,"""African American Films Through 1959: A Comprehensive, Illustrated Filmography""",,,,St. Louis Blues,,,,29.4241219,-98.4936282
Savannah Motion Picture Company,African American Owned,1921,,,,Blacks in Black and White,"See D. IRELAND THOMAS. ""Motion Picture News."" The Chicago Defender (National Edition) (1921-1967), Jan 17, 1925. ",out (2).pdf (https://dl.airtable.com/Y7w3rJFDSHiGSM53i0HX_out%20(2).pdf),Scott,,,Walter S. Scott,,,
Seminole Film Producing Company,African American Owned,1922,,"2313 Seventh Ave.,New York, New York",,"Richard E. Norman and Race Filmmaking,Blacks in Black and White",,,,,,,,40.8157408,-73.9432495
Sidney P. Dones,African American Owned,1914,,"Los Angeles, California",,Envisioning Freedom: Cinema and the Building of Modern Black Life,Was this Dones's real estate company or film company or somehow both? --MP,,Dones,,,Sidney P. Dones,,34.0522342,-118.2436849
Southern Motion Picture Company,,,,"Birmingham, AL",When True Love Wins,"""African American Films Through 1959: A Comprehensive, Illustrated Filmography"",Forgeries of Memory and Meaning: Blacks and the Regimes of Race in American Theater and Film Before World War II",,,,,,,,33.5206608,-86.80249
St. Paul Presbyterian Church,,,,,Seeing Kansas City in Action,"""African American Films Through 1959: A Comprehensive, Illustrated Filmography""",,,,,,,,,
Strand Amusement Corporation,African American Owned,1922,,"Jacksonville, Florida",,Blacks in Black and White,"Also operated theatres, per Sampson (77).",,Austin,,,S.A. Austin,,30.3321838,-81.655651
Superior Arts Motion Picture Company,,,,"Houston, Texas","Smiling Hate,Steppin' High,Fighting His Way Thru,Hearts of the Woods","Richard E. Norman and Race Filmmaking,Slow Fade to Black",,,,,,,,29.7604267,-95.3698028
T.H.B. Walker's Colored Pictures,,,,,"Walker Newsreel No. 1,The Man in Ebony ","""African American Films Through 1959: A Comprehensive, Illustrated Filmography""",,,,,,,,,
The Fidelity Pictures,African American Owned,1921,,"117 W. 46th St., New York, NY",,,"Distributor. See J.A.JACKSON'S PAGE: HERE AND THERE AMONG THE FOLKS. The Billboard (Archive: 1894-1960), Dec 31, 1921. 43.",ProQuestDocuments-2016-06-05 (16).pdf (https://dl.airtable.com/jX9ewPlaQwOTHi0hpBhX_ProQuestDocuments-2016-06-05%20(16).pdf),,For His Mother's Sake,,,,40.7578033,-73.9831535
The Foster Photoplay Company,,1929,,"Los Angeles, CA",,George P. Johnson Negro Film Collection,"B53, F28",,,,,,,34.0522342,-118.2436849
The Heart of America Film Corporation,African American Owned,1916,1916,"Kansas City, MO",,Forgeries of Memory and Meaning: Blacks and the Regimes of Race in American Theater and Film Before World War II,Cedric Robinson notes that company collapsed before completing first film production,,,,,,,39.0997265,-94.5785667
The Photoplay Corporation,,,,,The Birth of a Race,Envisioning Freedom: Cinema and the Building of Modern Black Life,,,,,,,,,
Thought Supreme Film Company,,1921,,"Los Angeles, CA",,George P. Johnson Negro Film Collection,"B53, F28",,,,,,,34.0522342,-118.2436849
Tiffany Film Company,White Owned,,,,"Pickin' Cotton,Slave Days","""African American Films Through 1959: A Comprehensive, Illustrated Filmography""",,,,,,,,,
Tiger Flowers & Walt Miller,,,,,The Fighting Deacon,"""African American Films Through 1959: A Comprehensive, Illustrated Filmography""",,,,,,,,,
Tonofilm Corporation,,1/19/1929,,"New York City, NY",,George P. Johnson Negro Film Collection,"B53, F28",,Robeson,,,Paul Robeson,,40.7127837,-74.0059413
Toussaint Motion Picture Company,,1918,1922,"451 Lenox Ave., New York, NY",Doing Their Bit,"""African American Films Through 1959: A Comprehensive, Illustrated Filmography"",George P. Johnson Negro Film Collection","B53, F28, GPJ Collection


The New York Age, (New York, New York), 30 Sep 1922, Sat , Page 2.","out (39).pdf (https://dl.airtable.com/638muQffRrug8eLrQV7p_out%20(39).pdf),clipping_5268049.pdf (https://dl.airtable.com/9PE53wTlQwOAC4AmNpfI_clipping_5268049.pdf)","Welcome,Touissant Welcome",,,"E. Toussaint Welcome, Jennie Louise Touissant Welcome",,40.8125324,-73.9421123
Township Film Company,,,,"New York, NY",What's the Use?,George P. Johnson Negro Film Collection,"B53, F28",,Whipper,,,Leigh Whipper,,40.7127837,-74.0059413
Trinity Film Corporation,,,,"1509 Arrott Building, Pittsburgh, PA",A Daughter of Pharoah,"""African American Films Through 1959: A Comprehensive, Illustrated Filmography"",George P. Johnson Negro Film Collection","Box 53, F28, GPJ Collection

Advertised for salesmen in Pittsburgh, PA, in 1920. See Pittsburgh Post-Gazette (Pittsburgh, Pennsylvania), Thu, Jul 29, 1920, Page 12. --MP",clipping_5283035.pdf (https://dl.airtable.com/s9jizXNsQYCfviEyaDUY_clipping_5283035.pdf),,,,,,40.4406248,-79.9958864
Trio Productions,,,,"Dallas, TX",The Greatest Sin,"Blacks in Black and White,George P. Johnson Negro Film Collection","Box 53, F28. GJP notes cost was $8,000",,,,,,,32.7766642,-96.7969879
Tropical Photoplay Company,,1921,,"Miami, FL",Shuffling Jane,"""African American Films Through 1959: A Comprehensive, Illustrated Filmography""","J.A.JACKSON'S PAGE: TROPICAL PHOTOPLAY COMPANY. The Billboard (Archive: 1894-1960), Dec 17, 1921. 47.",ProQuestDocuments-2016-06-05 (15).pdf (https://dl.airtable.com/5KyQnpytQ3if2au4tavO_ProQuestDocuments-2016-06-05%20(15).pdf),,,,,,25.7616798,-80.1917902
Tuskegee Normal and Industrial Institute,African American Owned,,,,A Trip to Tuskegee,Envisioning Freedom: Cinema and the Building of Modern Black Life,,,,,,,,,
Unique Film Company,African American Owned,1916,1918,"Chicago, Illinois",Shadowed by the Devil,"Richard E. Norman and Race Filmmaking,Blacks in Black and White",,,Wells,,,Miles M. Wells,,41.8781136,-87.6297982
Western Film Production Company,African American Owned,1921,,"1515 East 10th Street, Kansas City, Missouri","Sam Langford-Jim Flynn Prize Fight,The Flames of Wrath","""African American Films Through 1959: A Comprehensive, Illustrated Filmography"",Blacks in Black and White,George P. Johnson Negro Film Collection","B53, F28, GPJ Collection

See also D. IRELAND THOMAS. ""Motion Picture News."" The Chicago Defender (National Edition) (1921-1967), Jun 21, 1924. ",out (7).pdf (https://dl.airtable.com/5JxLKIlCTWw272fxjZfC_out%20(7).pdf),"Williams,Williams,Lynwood",,,"J.I. Williams, Maria P. Williams, Ernest D. Lynwood",,39.101689,-94.5635557
Whilco Film Corporation,,1921,,"New York, NY",A Regeneration of Souls,"""African American Films Through 1959: A Comprehensive, Illustrated Filmography"",George P. Johnson Negro Film Collection","B53, F28",,Whipper,,,Leigh Whipper,,40.7127837,-74.0059413
White Film Corporation,African American Owned,1919,,"Jacksonville, Florida","A Fool's Paradise,A Ghost Hunt,The Matchless Key","Blacks in Black and White,""African American Films Through 1959: A Comprehensive, Illustrated Filmography""","""Display Ad 5 -- no Title."" Afro-American (1893-1988), Apr 22, 1921. ","out (31).pdf (https://dl.airtable.com/Gd3dJ3mRKO7OEPqPJi4a_out%20(31).pdf),out (32).pdf (https://dl.airtable.com/rXBtkgyqQwOLu2lJbYbK_out%20(32).pdf)","White,Holman",,,"Devinfast White, Charles Holman",,30.3321838,-81.655651
William Deans,,,,,When Good Luck Comes Our Way,"""African American Films Through 1959: A Comprehensive, Illustrated Filmography""",,,,,,,,,
William H. Clifford Photoplay Company,,,,"Los Angeles, CA",The Black Boomerang,"""African American Films Through 1959: A Comprehensive, Illustrated Filmography"",George P. Johnson Negro Film Collection","B53, F28",,Clifford,,,William H. Clifford,,34.0522342,-118.2436849
World Film Company ,,,,,,,,,,,,,,,
Young Producers Filming Corporation,African American Owned,,,"Dallas, TX","Foolish Lives,The Perfect Dreamer","""African American Films Through 1959: A Comprehensive, Illustrated Filmography"",George P. Johnson Negro Film Collection","Called Young Negroes Producing Co. in GPJ Box 53, F28
",,,,,,,32.7766642,-96.7969879
Pekin Stock Company,,,,,,,,,,,"Mills,Gradie",,"Jerry Mills, Lottie Gradie",,
American Colored Film Exchange,African American Owned,,,"941 Pennsylvania Ave., Baltimore, MD",,,"Distributor. See D. IRELAND THOMAS. ""Motion Picture News."" The Chicago Defender (National Edition) (1921-1967), Aug 16, 1924. ",out (6).pdf (https://dl.airtable.com/IrPjFUDQRSlult0SUlTG_out%20(6).pdf),Rosen,,,A. Rosen,,39.2977817,-76.6275192
Van Martin Film Exchange,,,,"Paris, TX",,,"Distributor. See D. IRELAND THOMAS. ""Motion Picture News."" The Chicago Defender (National Edition) (1921-1967), Aug 05, 1922. ",out (13).pdf (https://dl.airtable.com/jV9znYCQySSjGuXR4XeI_out%20(13).pdf),,,,,,33.6609389,-95.555513
Southern Distributing Company,,,,"182 Auburn Ave., Atlanta, GA",,,"Distributor of Micheaux films. See ""J.A. JACKSON'S PAGE: MICHEAUX."" The Billboard (Archive: 1894-1960) 33, no. 21 (May 21, 1921): 45.",ProQuestDocuments-2016-06-05 (7).pdf (https://dl.airtable.com/KmCU81UTJWydmvRJeY6G_ProQuestDocuments-2016-06-05%20(7).pdf),,,,,,33.7555577,-84.3817439
Dunbar Film and Theatrical Co.,African American Owned,4/18/1921,,"505 N. Carolina St., Baltimore, MD","The Fighting Fifteenth Colored Regiment,The Southern Negro Baptism,The Negro Rice Farmer,Negro Logging in Louisisana",,"I believe -- though I'm not sure -- that this is a different company from the Dunbar Films that opened in NYC in 1928. See ""J.A. JACKSON'S PAGE: ARROW MUSIC PUB. CO., INC."" The Billboard (Archive: 1894-1960) 33, no. 26 (Jun 18, 1921): 45.",ProQuestDocuments-2016-06-05 (10).pdf (https://dl.airtable.com/mXehMlxeS0CEUdbQD6tN_ProQuestDocuments-2016-06-05%20(10).pdf),,,,,,39.296254,-76.5974522
Topeka Film Company,,,,"825 Topeka Ave., Topeka, KS",,,"J.A. JACKSON'S PAGE: HOW COME? The Billboard (Archive: 1894-1960), Oct 15, 1921. 43.",ProQuestDocuments-2016-06-05 (13).pdf (https://dl.airtable.com/qHySNSpQtYH4UYtnS7YQ_ProQuestDocuments-2016-06-05%20(13).pdf),,Pythian Parade and 19th Biannual Encampment,,,,-95.680739,-95.680739
